Id,IndicatorCode,SpatialDimension,SpatialDimensionValueCode,ParentLocationCode,ParentLocation,TimeDimension,TimeDim,DisaggregatingDimension1,DisaggregatingDimension1ValueCode,DisaggregatingDimension2,DisaggregatingDimension2ValueCode,DisaggregatingDimension3,DisaggregatingDimension3ValueCode,DataSourceDimension,DataSourceDimensionValueCode,Value,NumericValue,Low,High,Comments,Date,TimeDimensionValue,TimeDimensionBegin,TimeDimensionEnd
5033503,MALARIA_IMPORTED,COUNTRY,ZAF,AFR,Africa,YEAR,2020,,,,,,,,,3663,3663,,,,2024-12-10T17:44:48Z,2020,2020-01-01,2020-12-31
3337562,MALARIA_IMPORTED,COUNTRY,GUY,AMR,Americas,YEAR,2021,,,,,,,,,64,64,,,,2024-12-10T17:44:48Z,2021,2021-01-01,2021-12-31
3764570,MALARIA_IMPORTED,COUNTRY,ZAF,AFR,Africa,YEAR,2023,,,,,,,,,4599,4599,,,,2024-12-10T17:44:48Z,2023,2023-01-01,2023-12-31
4124576,MALARIA_IMPORTED,REGION,SEAR,,,YEAR,2019,,,,,,,,,2080,2080,,,,2024-12-10T17:44:48Z,2019,2019-01-01,2019-12-31
3531151,MALARIA_IMPORTED,COUNTRY,HND,AMR,Americas,YEAR,2023,,,,,,,,,38,38,,,,2024-12-10T17:44:48Z,2023,2023-01-01,2023-12-31
2577015,MALARIA_IMPORTED,COUNTRY,PAN,AMR,Americas,YEAR,2015,,,,,,,,,16,16,,,,2024-12-10T17:44:48Z,2015,2015-01-01,2015-12-31
3257600,MALARIA_IMPORTED,REGION,AFR,,,YEAR,2018,,,,,,,,,15 863,15863,,,,2024-12-10T17:44:48Z,2018,2018-01-01,2018-12-31
7597565,MALARIA_IMPORTED,COUNTRY,MEX,AMR,Americas,YEAR,2022,,,,,,,,,77,77,,,,2024-12-10T17:44:48Z,2022,2022-01-01,2022-12-31
8728772,MALARIA_IMPORTED,COUNTRY,TLS,SEAR,South-East Asia,YEAR,2020,,,,,,,,,7,7,,,,2024-12-10T17:44:48Z,2020,2020-01-01,2020-12-31
5133981,MALARIA_IMPORTED,COUNTRY,BGD,SEAR,South-East Asia,YEAR,2019,,,,,,,,,6,6,,,,2024-12-10T17:44:48Z,2019,2019-01-01,2019-12-31
3551303,MALARIA_IMPORTED,COUNTRY,ZAF,AFR,Africa,YEAR,2018,,,,,,,,,5742,5742,,,,2024-12-10T17:44:48Z,2018,2018-01-01,2018-12-31
4257748,MALARIA_IMPORTED,COUNTRY,KOR,WPR,Western Pacific,YEAR,2017,,,,,,,,,79,79,,,,2024-12-10T17:44:48Z,2017,2017-01-01,2017-12-31
4600260,MALARIA_IMPORTED,COUNTRY,ARG,AMR,Americas,YEAR,2017,,,,,,,,,18,18,,,,2024-12-10T17:44:48Z,2017,2017-01-01,2017-12-31
1624113,MALARIA_IMPORTED,COUNTRY,KGZ,EUR,Europe,YEAR,2017,,,,,,,,,2,2,,,,2024-12-10T17:44:48Z,2017,2017-01-01,2017-12-31
5313505,MALARIA_IMPORTED,COUNTRY,MYS,WPR,Western Pacific,YEAR,2022,,,,,,,,,291,291,,,,2024-12-10T17:44:48Z,2022,2022-01-01,2022-12-31
5739814,MALARIA_IMPORTED,COUNTRY,IRN,EMR,Eastern Mediterranean,YEAR,2018,,,,,,,,,602,602,,,,2024-12-10T17:44:48Z,2018,2018-01-01,2018-12-31
8583834,MALARIA_IMPORTED,COUNTRY,IDN,SEAR,South-East Asia,YEAR,2023,,,,,,,,,84,84,,,,2024-12-10T17:44:48Z,2023,2023-01-01,2023-12-31
4560229,MALARIA_IMPORTED,REGION,SEAR,,,YEAR,2020,,,,,,,,,1250,1250,,,,2024-12-10T17:44:48Z,2020,2020-01-01,2020-12-31
1243875,MALARIA_IMPORTED,COUNTRY,PRY,AMR,Americas,YEAR,2016,,,,,,,,,10,10,,,,2024-12-10T17:44:48Z,2016,2016-01-01,2016-12-31
6646759,MALARIA_IMPORTED,COUNTRY,CHN,WPR,Western Pacific,YEAR,2018,,,,,,,,,2511,2511,,,,2024-12-10T17:44:48Z,2018,2018-01-01,2018-12-31
1724212,MALARIA_IMPORTED,COUNTRY,MYT,AFR,Africa,YEAR,2018,,,,,,,,,44,44,,,,2024-12-10T17:44:48Z,2018,2018-01-01,2018-12-31
736968,MALARIA_IMPORTED,COUNTRY,BLZ,AMR,Americas,YEAR,2016,,,,,,,,,1,1,,,,2024-12-10T17:44:48Z,2016,2016-01-01,2016-12-31
9409018,MALARIA_IMPORTED,COUNTRY,GTM,AMR,Americas,YEAR,2017,,,,,,,,,3,3,,,,2024-12-10T17:44:48Z,2017,2017-01-01,2017-12-31
6060261,MALARIA_IMPORTED,COUNTRY,SEN,AFR,Africa,YEAR,2023,,,,,,,,,0,0,,,,2024-12-10T17:44:48Z,2023,2023-01-01,2023-12-31
2777730,MALARIA_IMPORTED,COUNTRY,ETH,AFR,Africa,YEAR,2023,,,,,,,,,1811,1811,,,,2024-12-10T17:44:48Z,2023,2023-01-01,2023-12-31
4307485,MALARIA_IMPORTED,COUNTRY,GEO,EUR,Europe,YEAR,2015,,,,,,,,,5,5,,,,2024-12-10T17:44:48Z,2015,2015-01-01,2015-12-31
7358593,MALARIA_IMPORTED,COUNTRY,SWZ,AFR,Africa,YEAR,2022,,,,,,,,,155,155,,,,2024-12-10T17:44:48Z,2022,2022-01-01,2022-12-31
790304,MALARIA_IMPORTED,COUNTRY,AZE,EUR,Europe,YEAR,2020,,,,,,,,,0,0,,,,2024-12-10T17:44:48Z,2020,2020-01-01,2020-12-31
6393693,MALARIA_IMPORTED,COUNTRY,SAU,EMR,Eastern Mediterranean,YEAR,2017,,,,,,,,,2974,2974,,,,2024-12-10T17:44:48Z,2017,2017-01-01,2017-12-31
1964461,MALARIA_IMPORTED,COUNTRY,ZAF,AFR,Africa,YEAR,2022,,,,,,,,,5237,5237,,,,2024-12-10T17:44:48Z,2022,2022-01-01,2022-12-31
4900675,MALARIA_IMPORTED,COUNTRY,SLV,AMR,Americas,YEAR,2016,,,,,,,,,1,1,,,,2024-12-10T17:44:48Z,2016,2016-01-01,2016-12-31
803797,MALARIA_IMPORTED,COUNTRY,COL,AMR,Americas,YEAR,2021,,,,,,,,,733,733,,,,2024-12-10T17:44:48Z,2021,2021-01-01,2021-12-31
5920400,MALARIA_IMPORTED,COUNTRY,KOR,WPR,Western Pacific,YEAR,2023,,,,,,,,,74,74,,,,2024-12-10T17:44:48Z,2023,2023-01-01,2023-12-31
3171259,MALARIA_IMPORTED,COUNTRY,MEX,AMR,Americas,YEAR,2017,,,,,,,,,29,29,,,,2024-12-10T17:44:48Z,2017,2017-01-01,2017-12-31
8716384,MALARIA_IMPORTED,COUNTRY,PER,AMR,Americas,YEAR,2017,,,,,,,,,57,57,,,,2024-12-10T17:44:48Z,2017,2017-01-01,2017-12-31
7125935,MALARIA_IMPORTED,COUNTRY,CHN,WPR,Western Pacific,YEAR,2015,,,,,,,,,3212,3212,,,,2024-12-10T17:44:48Z,2015,2015-01-01,2015-12-31
6333711,MALARIA_IMPORTED,COUNTRY,ARG,AMR,Americas,YEAR,2018,,,,,,,,,23,23,,,,2024-12-10T17:44:48Z,2018,2018-01-01,2018-12-31
4640679,MALARIA_IMPORTED,COUNTRY,ZAF,AFR,Africa,YEAR,2017,,,,,,,,,6234,6234,,,,2024-12-10T17:44:48Z,2017,2017-01-01,2017-12-31
4680729,MALARIA_IMPORTED,COUNTRY,GTM,AMR,Americas,YEAR,2019,,,,,,,,,3,3,,,,2024-12-10T17:44:48Z,2019,2019-01-01,2019-12-31
2197271,MALARIA_IMPORTED,COUNTRY,COM,AFR,Africa,YEAR,2022,,,,,,,,,6,6,,,,2024-12-10T17:44:48Z,2022,2022-01-01,2022-12-31
8795851,MALARIA_IMPORTED,COUNTRY,SEN,AFR,Africa,YEAR,2016,,,,,,,,,0,0,,,,2024-12-10T17:44:48Z,2016,2016-01-01,2016-12-31
6713871,MALARIA_IMPORTED,COUNTRY,VEN,AMR,Americas,YEAR,2018,,,,,,,,,2125,2125,,,,2024-12-10T17:44:48Z,2018,2018-01-01,2018-12-31
7252331,MALARIA_IMPORTED,COUNTRY,TKM,EUR,Europe,YEAR,2017,,,,,,,,,0,0,,,,2024-12-10T17:44:48Z,2017,2017-01-01,2017-12-31
331179,MALARIA_IMPORTED,COUNTRY,AZE,EUR,Europe,YEAR,2016,,,,,,,,,1,1,,,,2024-12-10T17:44:48Z,2016,2016-01-01,2016-12-31
3939035,MALARIA_IMPORTED,COUNTRY,COL,AMR,Americas,YEAR,2019,,,,,,,,,2306,2306,,,,2024-12-10T17:44:48Z,2019,2019-01-01,2019-12-31
7691441,MALARIA_IMPORTED,COUNTRY,NPL,SEAR,South-East Asia,YEAR,2021,,,,,,,,,359,359,,,,2024-12-10T17:44:48Z,2021,2021-01-01,2021-12-31
944241,MALARIA_IMPORTED,COUNTRY,KOR,WPR,Western Pacific,YEAR,2015,,,,,,,,,79,79,,,,2024-12-10T17:44:48Z,2015,2015-01-01,2015-12-31
8111228,MALARIA_IMPORTED,COUNTRY,BRA,AMR,Americas,YEAR,2018,,,,,,,,,6816,6816,,,,2024-12-10T17:44:48Z,2018,2018-01-01,2018-12-31
1664729,MALARIA_IMPORTED,COUNTRY,NPL,SEAR,South-East Asia,YEAR,2023,,,,,,,,,649,649,,,,2024-12-10T17:44:48Z,2023,2023-01-01,2023-12-31
5586739,MALARIA_IMPORTED,COUNTRY,BOL,AMR,Americas,YEAR,2015,,,,,,,,,33,33,,,,2024-12-10T17:44:48Z,2015,2015-01-01,2015-12-31
3778777,MALARIA_IMPORTED,COUNTRY,DZA,AFR,Africa,YEAR,2020,,,,,,,,,2725,2725,,,,2024-12-10T17:44:48Z,2020,2020-01-01,2020-12-31
3805483,MALARIA_IMPORTED,REGION,AMR,,,YEAR,2018,,,,,,,,,11 641,11641,,,,2024-12-10T17:44:48Z,2018,2018-01-01,2018-12-31
9409539,MALARIA_IMPORTED,COUNTRY,VNM,WPR,Western Pacific,YEAR,2018,,,,,,,,,1681,1681,,,,2024-12-10T17:44:48Z,2018,2018-01-01,2018-12-31
4560808,MALARIA_IMPORTED,COUNTRY,LKA,SEAR,South-East Asia,YEAR,2023,,,,,,,,,62,62,,,,2024-12-10T17:44:48Z,2023,2023-01-01,2023-12-31
1331191,MALARIA_IMPORTED,COUNTRY,IRN,EMR,Eastern Mediterranean,YEAR,2020,,,,,,,,,878,878,,,,2024-12-10T17:44:48Z,2020,2020-01-01,2020-12-31
7020276,MALARIA_IMPORTED,REGION,EUR,,,YEAR,2018,,,,,,,,,254,254,,,,2024-12-10T17:44:48Z,2018,2018-01-01,2018-12-31
2804761,MALARIA_IMPORTED,COUNTRY,BWA,AFR,Africa,YEAR,2017,,,,,,,,,62,62,,,,2024-12-10T17:44:48Z,2017,2017-01-01,2017-12-31
1104134,MALARIA_IMPORTED,GLOBAL,GLOBAL,,,YEAR,2020,,,,,,,,,29 302,29302,,,,2024-12-10T17:44:48Z,2020,2020-01-01,2020-12-31
4654400,MALARIA_IMPORTED,COUNTRY,BTN,SEAR,South-East Asia,YEAR,2023,,,,,,,,,14,14,,,,2024-12-10T17:44:48Z,2023,2023-01-01,2023-12-31
1497767,MALARIA_IMPORTED,COUNTRY,STP,AFR,Africa,YEAR,2021,,,,,,,,,11,11,,,,2024-12-10T17:44:48Z,2021,2021-01-01,2021-12-31
8969302,MALARIA_IMPORTED,COUNTRY,TUR,EUR,Europe,YEAR,2016,,,,,,,,,208,208,,,,2024-12-10T17:44:48Z,2016,2016-01-01,2016-12-31
8876028,MALARIA_IMPORTED,COUNTRY,SAU,EMR,Eastern Mediterranean,YEAR,2022,,,,,,,,,4045,4045,,,,2024-12-10T17:44:48Z,2022,2022-01-01,2022-12-31
6420792,MALARIA_IMPORTED,COUNTRY,VNM,WPR,Western Pacific,YEAR,2021,,,,,,,,,90,90,,,,2024-12-10T17:44:48Z,2021,2021-01-01,2021-12-31
8451118,MALARIA_IMPORTED,COUNTRY,TZA,AFR,Africa,YEAR,2020,,,,,,,,,4314,4314,,,,2024-12-10T17:44:48Z,2020,2020-01-01,2020-12-31
1891518,MALARIA_IMPORTED,COUNTRY,BWA,AFR,Africa,YEAR,2023,,,,,,,,,91,91,,,,2024-12-10T17:44:48Z,2023,2023-01-01,2023-12-31
1471244,MALARIA_IMPORTED,COUNTRY,GUF,AMR,Americas,YEAR,2020,,,,,,,,,14,14,,,,2024-12-10T17:44:48Z,2020,2020-01-01,2020-12-31
4901206,MALARIA_IMPORTED,COUNTRY,CRI,AMR,Americas,YEAR,2015,,,,,,,,,8,8,,,,2024-12-10T17:44:48Z,2015,2015-01-01,2015-12-31
777545,MALARIA_IMPORTED,COUNTRY,NIC,AMR,Americas,YEAR,2019,,,,,,,,,26,26,,,,2024-12-10T17:44:48Z,2019,2019-01-01,2019-12-31
6080974,MALARIA_IMPORTED,COUNTRY,NIC,AMR,Americas,YEAR,2022,,,,,,,,,50,50,,,,2024-12-10T17:44:48Z,2022,2022-01-01,2022-12-31
7805310,MALARIA_IMPORTED,COUNTRY,TZA,AFR,Africa,YEAR,2015,,,,,,,,,2550,2550,,,,2024-12-10T17:44:48Z,2015,2015-01-01,2015-12-31
3238486,MALARIA_IMPORTED,COUNTRY,NAM,AFR,Africa,YEAR,2018,,,,,,,,,4021,4021,,,,2024-12-10T17:44:48Z,2018,2018-01-01,2018-12-31
577910,MALARIA_IMPORTED,COUNTRY,BRA,AMR,Americas,YEAR,2021,,,,,,,,,1365,1365,,,,2024-12-10T17:44:48Z,2021,2021-01-01,2021-12-31
9589583,MALARIA_IMPORTED,COUNTRY,VEN,AMR,Americas,YEAR,2017,,,,,,,,,2941,2941,,,,2024-12-10T17:44:48Z,2017,2017-01-01,2017-12-31
2811719,MALARIA_IMPORTED,COUNTRY,AZE,EUR,Europe,YEAR,2021,,,,,,,,,1,1,,,,2024-12-10T17:44:48Z,2021,2021-01-01,2021-12-31
2124842,MALARIA_IMPORTED,COUNTRY,STP,AFR,Africa,YEAR,2017,,,,,,,,,2,2,,,,2024-12-10T17:44:48Z,2017,2017-01-01,2017-12-31
2311093,MALARIA_IMPORTED,COUNTRY,STP,AFR,Africa,YEAR,2018,,,,,,,,,3,3,,,,2024-12-10T17:44:48Z,2018,2018-01-01,2018-12-31
4894669,MALARIA_IMPORTED,COUNTRY,BGD,SEAR,South-East Asia,YEAR,2021,,,,,,,,,6,6,,,,2024-12-10T17:44:48Z,2021,2021-01-01,2021-12-31
6999,MALARIA_IMPORTED,COUNTRY,LAO,WPR,Western Pacific,YEAR,2018,,,,,,,,,0,0,,,,2024-12-10T17:44:48Z,2018,2018-01-01,2018-12-31
3926063,MALARIA_IMPORTED,COUNTRY,LKA,SEAR,South-East Asia,YEAR,2020,,,,,,,,,30,30,,,,2024-12-10T17:44:48Z,2020,2020-01-01,2020-12-31
1524835,MALARIA_IMPORTED,COUNTRY,KGZ,EUR,Europe,YEAR,2019,,,,,,,,,1,1,,,,2024-12-10T17:44:48Z,2019,2019-01-01,2019-12-31
2291040,MALARIA_IMPORTED,COUNTRY,TJK,EUR,Europe,YEAR,2015,,,,,,,,,4,4,,,,2024-12-10T17:44:48Z,2015,2015-01-01,2015-12-31
1905087,MALARIA_IMPORTED,COUNTRY,CPV,AFR,Africa,YEAR,2017,,,,,,,,,23,23,,,,2024-12-10T17:44:48Z,2017,2017-01-01,2017-12-31
3819227,MALARIA_IMPORTED,COUNTRY,COM,AFR,Africa,YEAR,2023,,,,,,,,,30,30,,,,2024-12-10T17:44:48Z,2023,2023-01-01,2023-12-31
8484740,MALARIA_IMPORTED,COUNTRY,AZE,EUR,Europe,YEAR,2017,,,,,,,,,1,1,,,,2024-12-10T17:44:48Z,2017,2017-01-01,2017-12-31
4198785,MALARIA_IMPORTED,REGION,AFR,,,YEAR,2019,,,,,,,,,25 288,25288,,,,2024-12-10T17:44:48Z,2019,2019-01-01,2019-12-31
3558993,MALARIA_IMPORTED,COUNTRY,BGD,SEAR,South-East Asia,YEAR,2017,,,,,,,,,19,19,,,,2024-12-10T17:44:48Z,2017,2017-01-01,2017-12-31
7139985,MALARIA_IMPORTED,COUNTRY,HND,AMR,Americas,YEAR,2022,,,,,,,,,36,36,,,,2024-12-10T17:44:48Z,2022,2022-01-01,2022-12-31
8324913,MALARIA_IMPORTED,COUNTRY,GMB,AFR,Africa,YEAR,2023,,,,,,,,,166,166,,,,2024-12-10T17:44:48Z,2023,2023-01-01,2023-12-31
4934786,MALARIA_IMPORTED,COUNTRY,NIC,AMR,Americas,YEAR,2021,,,,,,,,,64,64,,,,2024-12-10T17:44:48Z,2021,2021-01-01,2021-12-31
2124984,MALARIA_IMPORTED,COUNTRY,GUF,AMR,Americas,YEAR,2017,,,,,,,,,43,43,,,,2024-12-10T17:44:48Z,2017,2017-01-01,2017-12-31
5474015,MALARIA_IMPORTED,COUNTRY,SWZ,AFR,Africa,YEAR,2019,,,,,,,,,337,337,,,,2024-12-10T17:44:48Z,2019,2019-01-01,2019-12-31
8929576,MALARIA_IMPORTED,COUNTRY,KGZ,EUR,Europe,YEAR,2018,,,,,,,,,0,0,,,,2024-12-10T17:44:48Z,2018,2018-01-01,2018-12-31
4315109,MALARIA_IMPORTED,COUNTRY,SUR,AMR,Americas,YEAR,2015,,,,,,,,,295,295,,,,2024-12-10T17:44:48Z,2015,2015-01-01,2015-12-31
67125,MALARIA_IMPORTED,COUNTRY,BTN,SEAR,South-East Asia,YEAR,2017,,,,,,,,,38,38,,,,2024-12-10T17:44:48Z,2017,2017-01-01,2017-12-31
7479973,MALARIA_IMPORTED,COUNTRY,PRY,AMR,Americas,YEAR,2020,,,,,,,,,1,1,,,,2024-12-10T17:44:48Z,2020,2020-01-01,2020-12-31
2377996,MALARIA_IMPORTED,COUNTRY,DOM,AMR,Americas,YEAR,2021,,,,,,,,,7,7,,,,2024-12-10T17:44:48Z,2021,2021-01-01,2021-12-31
2458137,MALARIA_IMPORTED,REGION,EUR,,,YEAR,2020,,,,,,,,,142,142,,,,2024-12-10T17:44:48Z,2020,2020-01-01,2020-12-31
2878614,MALARIA_IMPORTED,COUNTRY,GUY,AMR,Americas,YEAR,2020,,,,,,,,,51,51,,,,2024-12-10T17:44:48Z,2020,2020-01-01,2020-12-31
2745414,MALARIA_IMPORTED,COUNTRY,BGD,SEAR,South-East Asia,YEAR,2018,,,,,,,,,41,41,,,,2024-12-10T17:44:48Z,2018,2018-01-01,2018-12-31
1198268,MALARIA_IMPORTED,COUNTRY,KOR,WPR,Western Pacific,YEAR,2019,,,,,,,,,74,74,,,,2024-12-10T17:44:48Z,2019,2019-01-01,2019-12-31
8338402,MALARIA_IMPORTED,COUNTRY,DZA,AFR,Africa,YEAR,2015,,,,,,,,,727,727,,,,2024-12-10T17:44:48Z,2015,2015-01-01,2015-12-31
3946484,MALARIA_IMPORTED,COUNTRY,TKM,EUR,Europe,YEAR,2020,,,,,,,,,0,0,,,,2024-12-10T17:44:48Z,2020,2020-01-01,2020-12-31
412024,MALARIA_IMPORTED,COUNTRY,STP,AFR,Africa,YEAR,2023,,,,,,,,,20,20,,,,2024-12-10T17:44:48Z,2023,2023-01-01,2023-12-31
7253167,MALARIA_IMPORTED,COUNTRY,VEN,AMR,Americas,YEAR,2020,,,,,,,,,1356,1356,,,,2024-12-10T17:44:48Z,2020,2020-01-01,2020-12-31
1718730,MALARIA_IMPORTED,COUNTRY,MEX,AMR,Americas,YEAR,2015,,,,,,,,,34,34,,,,2024-12-10T17:44:48Z,2015,2015-01-01,2015-12-31
5374818,MALARIA_IMPORTED,COUNTRY,SLV,AMR,Americas,YEAR,2018,,,,,,,,,2,2,,,,2024-12-10T17:44:48Z,2018,2018-01-01,2018-12-31
8829872,MALARIA_IMPORTED,COUNTRY,ZAF,AFR,Africa,YEAR,2019,,,,,,,,,8890,8890,,,,2024-12-10T17:44:48Z,2019,2019-01-01,2019-12-31
9022848,MALARIA_IMPORTED,COUNTRY,HND,AMR,Americas,YEAR,2017,,,,,,,,,10,10,,,,2024-12-10T17:44:48Z,2017,2017-01-01,2017-12-31
9229914,MALARIA_IMPORTED,REGION,EUR,,,YEAR,2019,,,,,,,,,293,293,,,,2024-12-10T17:44:48Z,2019,2019-01-01,2019-12-31
9570016,MALARIA_IMPORTED,COUNTRY,DZA,AFR,Africa,YEAR,2021,,,,,,,,,1164,1164,,,,2024-12-10T17:44:48Z,2021,2021-01-01,2021-12-31
6181609,MALARIA_IMPORTED,COUNTRY,ECU,AMR,Americas,YEAR,2016,,,,,,,,,233,233,,,,2024-12-10T17:44:48Z,2016,2016-01-01,2016-12-31
173786,MALARIA_IMPORTED,COUNTRY,TZA,AFR,Africa,YEAR,2018,,,,,,,,,1754,1754,,,,2024-12-10T17:44:48Z,2018,2018-01-01,2018-12-31
2825612,MALARIA_IMPORTED,COUNTRY,DZA,AFR,Africa,YEAR,2017,,,,,,,,,446,446,,,,2024-12-10T17:44:48Z,2017,2017-01-01,2017-12-31
8211891,MALARIA_IMPORTED,COUNTRY,SLV,AMR,Americas,YEAR,2019,,,,,,,,,3,3,,,,2024-12-10T17:44:48Z,2019,2019-01-01,2019-12-31
3806285,MALARIA_IMPORTED,COUNTRY,VUT,WPR,Western Pacific,YEAR,2017,,,,,,,,,1,1,,,,2024-12-10T17:44:48Z,2017,2017-01-01,2017-12-31
5667810,MALARIA_IMPORTED,REGION,SEAR,,,YEAR,2017,,,,,,,,,4817,4817,,,,2024-12-10T17:44:48Z,2017,2017-01-01,2017-12-31
8750389,MALARIA_IMPORTED,COUNTRY,TKM,EUR,Europe,YEAR,2016,,,,,,,,,0,0,,,,2024-12-10T17:44:48Z,2016,2016-01-01,2016-12-31
2978818,MALARIA_IMPORTED,COUNTRY,CHN,WPR,Western Pacific,YEAR,2019,,,,,,,,,2486,2486,,,,2024-12-10T17:44:48Z,2019,2019-01-01,2019-12-31
1398830,MALARIA_IMPORTED,COUNTRY,CPV,AFR,Africa,YEAR,2022,,,,,,,,,26,26,,,,2024-12-10T17:44:48Z,2022,2022-01-01,2022-12-31
7107129,MALARIA_IMPORTED,COUNTRY,HND,AMR,Americas,YEAR,2016,,,,,,,,,3,3,,,,2024-12-10T17:44:48Z,2016,2016-01-01,2016-12-31
7932638,MALARIA_IMPORTED,COUNTRY,TLS,SEAR,South-East Asia,YEAR,2021,,,,,,,,,0,0,,,,2024-12-10T17:44:48Z,2021,2021-01-01,2021-12-31
9656835,MALARIA_IMPORTED,COUNTRY,SUR,AMR,Americas,YEAR,2022,,,,,,,,,60,60,,,,2024-12-10T17:44:48Z,2022,2022-01-01,2022-12-31
2251699,MALARIA_IMPORTED,COUNTRY,UZB,EUR,Europe,YEAR,2016,,,,,,,,,0,0,,,,2024-12-10T17:44:48Z,2016,2016-01-01,2016-12-31
4861987,MALARIA_IMPORTED,REGION,AFR,,,YEAR,2017,,,,,,,,,20 106,20106,,,,2024-12-10T17:44:48Z,2017,2017-01-01,2017-12-31
3746532,MALARIA_IMPORTED,COUNTRY,ARG,AMR,Americas,YEAR,2019,,,,,,,,,22,22,,,,2024-12-10T17:44:48Z,2019,2019-01-01,2019-12-31
5968374,MALARIA_IMPORTED,COUNTRY,TZA,AFR,Africa,YEAR,2019,,,,,,,,,3286,3286,,,,2024-12-10T17:44:48Z,2019,2019-01-01,2019-12-31
5794884,MALARIA_IMPORTED,REGION,AFR,,,YEAR,2021,,,,,,,,,14 597,14597,,,,2024-12-10T17:44:48Z,2021,2021-01-01,2021-12-31
6941850,MALARIA_IMPORTED,COUNTRY,LKA,SEAR,South-East Asia,YEAR,2017,,,,,,,,,57,57,,,,2024-12-10T17:44:48Z,2017,2017-01-01,2017-12-31
8877024,MALARIA_IMPORTED,COUNTRY,IRN,EMR,Eastern Mediterranean,YEAR,2016,,,,,,,,,611,611,,,,2024-12-10T17:44:48Z,2016,2016-01-01,2016-12-31
9337045,MALARIA_IMPORTED,COUNTRY,BLZ,AMR,Americas,YEAR,2015,,,,,,,,,4,4,,,,2024-12-10T17:44:48Z,2015,2015-01-01,2015-12-31
1585697,MALARIA_IMPORTED,COUNTRY,TLS,SEAR,South-East Asia,YEAR,2023,,,,,,,,,4,4,,,,2024-12-10T17:44:48Z,2023,2023-01-01,2023-12-31
2065526,MALARIA_IMPORTED,COUNTRY,VEN,AMR,Americas,YEAR,2023,,,,,,,,,1377,1377,,,,2024-12-10T17:44:48Z,2023,2023-01-01,2023-12-31
9009923,MALARIA_IMPORTED,COUNTRY,TJK,EUR,Europe,YEAR,2016,,,,,,,,,1,1,,,,2024-12-10T17:44:48Z,2016,2016-01-01,2016-12-31
9043330,MALARIA_IMPORTED,COUNTRY,NAM,AFR,Africa,YEAR,2022,,,,,,,,,1548,1548,,,,2024-12-10T17:44:48Z,2022,2022-01-01,2022-12-31
605273,MALARIA_IMPORTED,COUNTRY,BRA,AMR,Americas,YEAR,2022,,,,,,,,,2254,2254,,,,2024-12-10T17:44:48Z,2022,2022-01-01,2022-12-31
7665784,MALARIA_IMPORTED,COUNTRY,DZA,AFR,Africa,YEAR,2019,,,,,,,,,1014,1014,,,,2024-12-10T17:44:48Z,2019,2019-01-01,2019-12-31
8345594,MALARIA_IMPORTED,REGION,WPR,,,YEAR,2019,,,,,,,,,4860,4860,,,,2024-12-10T17:44:48Z,2019,2019-01-01,2019-12-31
3720093,MALARIA_IMPORTED,COUNTRY,NPL,SEAR,South-East Asia,YEAR,2018,,,,,,,,,539,539,,,,2024-12-10T17:44:48Z,2018,2018-01-01,2018-12-31
1832617,MALARIA_IMPORTED,COUNTRY,IRN,EMR,Eastern Mediterranean,YEAR,2015,,,,,,,,,632,632,,,,2024-12-10T17:44:48Z,2015,2015-01-01,2015-12-31
2231868,MALARIA_IMPORTED,REGION,EMR,,,YEAR,2021,,,,,,,,,3291,3291,,,,2024-12-10T17:44:48Z,2021,2021-01-01,2021-12-31
5841742,MALARIA_IMPORTED,COUNTRY,COL,AMR,Americas,YEAR,2017,,,,,,,,,1297,1297,,,,2024-12-10T17:44:48Z,2017,2017-01-01,2017-12-31
5968574,MALARIA_IMPORTED,COUNTRY,BTN,SEAR,South-East Asia,YEAR,2022,,,,,,,,,3,3,,,,2024-12-10T17:44:48Z,2022,2022-01-01,2022-12-31
2525393,MALARIA_IMPORTED,REGION,SEAR,,,YEAR,2016,,,,,,,,,6442,6442,,,,2024-12-10T17:44:48Z,2016,2016-01-01,2016-12-31
6048593,MALARIA_IMPORTED,COUNTRY,BRA,AMR,Americas,YEAR,2023,,,,,,,,,2564,2564,,,,2024-12-10T17:44:48Z,2023,2023-01-01,2023-12-31
1359088,MALARIA_IMPORTED,COUNTRY,SAU,EMR,Eastern Mediterranean,YEAR,2018,,,,,,,,,2517,2517,,,,2024-12-10T17:44:48Z,2018,2018-01-01,2018-12-31
2112475,MALARIA_IMPORTED,COUNTRY,BWA,AFR,Africa,YEAR,2016,,,,,,,,,64,64,,,,2024-12-10T17:44:48Z,2016,2016-01-01,2016-12-31
865528,MALARIA_IMPORTED,COUNTRY,ARM,EUR,Europe,YEAR,2023,,,,,,,,,2,2,,,,2024-12-10T17:44:48Z,2023,2023-01-01,2023-12-31
4416022,MALARIA_IMPORTED,COUNTRY,SEN,AFR,Africa,YEAR,2018,,,,,,,,,292,292,,,,2024-12-10T17:44:48Z,2018,2018-01-01,2018-12-31
7966169,MALARIA_IMPORTED,REGION,WPR,,,YEAR,2021,,,,,,,,,294,294,,,,2024-12-10T17:44:48Z,2021,2021-01-01,2021-12-31
1485665,MALARIA_IMPORTED,COUNTRY,KHM,WPR,Western Pacific,YEAR,2021,,,,,,,,,0,0,,,,2024-12-10T17:44:48Z,2021,2021-01-01,2021-12-31
392586,MALARIA_IMPORTED,COUNTRY,SEN,AFR,Africa,YEAR,2021,,,,,,,,,0,0,,,,2024-12-10T17:44:48Z,2021,2021-01-01,2021-12-31
6195500,MALARIA_IMPORTED,REGION,AFR,,,YEAR,2015,,,,,,,,,13 867,13867,,,,2024-12-10T17:44:48Z,2015,2015-01-01,2015-12-31
3893725,MALARIA_IMPORTED,COUNTRY,LKA,SEAR,South-East Asia,YEAR,2021,,,,,,,,,25,25,,,,2024-12-10T17:44:48Z,2021,2021-01-01,2021-12-31
4435730,MALARIA_IMPORTED,COUNTRY,KGZ,EUR,Europe,YEAR,2015,,,,,,,,,1,1,,,,2024-12-10T17:44:48Z,2015,2015-01-01,2015-12-31
1505830,MALARIA_IMPORTED,COUNTRY,ECU,AMR,Americas,YEAR,2018,,,,,,,,,153,153,,,,2024-12-10T17:44:48Z,2018,2018-01-01,2018-12-31
2732864,MALARIA_IMPORTED,COUNTRY,ECU,AMR,Americas,YEAR,2019,,,,,,,,,106,106,,,,2024-12-10T17:44:48Z,2019,2019-01-01,2019-12-31
7008315,MALARIA_IMPORTED,COUNTRY,CPV,AFR,Africa,YEAR,2020,,,,,,,,,10,10,,,,2024-12-10T17:44:48Z,2020,2020-01-01,2020-12-31
3873712,MALARIA_IMPORTED,REGION,SEAR,,,YEAR,2015,,,,,,,,,10 646,10646,,,,2024-12-10T17:44:48Z,2015,2015-01-01,2015-12-31
4529048,MALARIA_IMPORTED,COUNTRY,BLZ,AMR,Americas,YEAR,2021,,,,,,,,,0,0,,,,2024-12-10T17:44:48Z,2021,2021-01-01,2021-12-31
4629106,MALARIA_IMPORTED,COUNTRY,NAM,AFR,Africa,YEAR,2021,,,,,,,,,759,759,,,,2024-12-10T17:44:48Z,2021,2021-01-01,2021-12-31
8691729,MALARIA_IMPORTED,COUNTRY,KOR,WPR,Western Pacific,YEAR,2022,,,,,,,,,38,38,,,,2024-12-10T17:44:48Z,2022,2022-01-01,2022-12-31
8977218,MALARIA_IMPORTED,COUNTRY,PER,AMR,Americas,YEAR,2023,,,,,,,,,11,11,,,,2024-12-10T17:44:48Z,2023,2023-01-01,2023-12-31
5655185,MALARIA_IMPORTED,COUNTRY,CRI,AMR,Americas,YEAR,2019,,,,,,,,,45,45,,,,2024-12-10T17:44:48Z,2019,2019-01-01,2019-12-31
9090481,MALARIA_IMPORTED,REGION,WPR,,,YEAR,2015,,,,,,,,,3811,3811,,,,2024-12-10T17:44:48Z,2015,2015-01-01,2015-12-31
4160095,MALARIA_IMPORTED,COUNTRY,CRI,AMR,Americas,YEAR,2016,,,,,,,,,9,9,,,,2024-12-10T17:44:48Z,2016,2016-01-01,2016-12-31
1526047,MALARIA_IMPORTED,REGION,AFR,,,YEAR,2016,,,,,,,,,8002,8002,,,,2024-12-10T17:44:48Z,2016,2016-01-01,2016-12-31
3840409,MALARIA_IMPORTED,REGION,AMR,,,YEAR,2019,,,,,,,,,8952,8952,,,,2024-12-10T17:44:48Z,2019,2019-01-01,2019-12-31
5728615,MALARIA_IMPORTED,COUNTRY,MYT,AFR,Africa,YEAR,2016,,,,,,,,,10,10,,,,2024-12-10T17:44:48Z,2016,2016-01-01,2016-12-31
1019197,MALARIA_IMPORTED,COUNTRY,GTM,AMR,Americas,YEAR,2015,,,,,,,,,2,2,,,,2024-12-10T17:44:48Z,2015,2015-01-01,2015-12-31
8937420,MALARIA_IMPORTED,COUNTRY,KGZ,EUR,Europe,YEAR,2020,,,,,,,,,0,0,,,,2024-12-10T17:44:48Z,2020,2020-01-01,2020-12-31
1272732,MALARIA_IMPORTED,COUNTRY,BLZ,AMR,Americas,YEAR,2019,,,,,,,,,2,2,,,,2024-12-10T17:44:48Z,2019,2019-01-01,2019-12-31
792402,MALARIA_IMPORTED,COUNTRY,CRI,AMR,Americas,YEAR,2022,,,,,,,,,36,36,,,,2024-12-10T17:44:48Z,2022,2022-01-01,2022-12-31
1766270,MALARIA_IMPORTED,REGION,AMR,,,YEAR,2015,,,,,,,,,14 904,14904,,,,2024-12-10T17:44:48Z,2015,2015-01-01,2015-12-31
6755829,MALARIA_IMPORTED,COUNTRY,IDN,SEAR,South-East Asia,YEAR,2022,,,,,,,,,67,67,,,,2024-12-10T17:44:48Z,2022,2022-01-01,2022-12-31
5076072,MALARIA_IMPORTED,COUNTRY,TKM,EUR,Europe,YEAR,2015,,,,,,,,,0,0,,,,2024-12-10T17:44:48Z,2015,2015-01-01,2015-12-31
2099538,MALARIA_IMPORTED,COUNTRY,SAU,EMR,Eastern Mediterranean,YEAR,2021,,,,,,,,,2470,2470,,,,2024-12-10T17:44:48Z,2021,2021-01-01,2021-12-31
7341002,MALARIA_IMPORTED,COUNTRY,ECU,AMR,Americas,YEAR,2022,,,,,,,,,42,42,,,,2024-12-10T17:44:48Z,2022,2022-01-01,2022-12-31
9644213,MALARIA_IMPORTED,COUNTRY,BOL,AMR,Americas,YEAR,2022,,,,,,,,,9,9,,,,2024-12-10T17:44:48Z,2022,2022-01-01,2022-12-31
1326200,MALARIA_IMPORTED,COUNTRY,MYS,WPR,Western Pacific,YEAR,2019,,,,,,,,,630,630,,,,2024-12-10T17:44:48Z,2019,2019-01-01,2019-12-31
8744602,MALARIA_IMPORTED,COUNTRY,BOL,AMR,Americas,YEAR,2020,,,,,,,,,7,7,,,,2024-12-10T17:44:48Z,2020,2020-01-01,2020-12-31
1286285,MALARIA_IMPORTED,REGION,EMR,,,YEAR,2017,,,,,,,,,3842,3842,,,,2024-12-10T17:44:48Z,2017,2017-01-01,2017-12-31
8757948,MALARIA_IMPORTED,COUNTRY,BRA,AMR,Americas,YEAR,2017,,,,,,,,,4867,4867,,,,2024-12-10T17:44:48Z,2017,2017-01-01,2017-12-31
7394287,MALARIA_IMPORTED,COUNTRY,LAO,WPR,Western Pacific,YEAR,2020,,,,,,,,,4,4,,,,2024-12-10T17:44:48Z,2020,2020-01-01,2020-12-31
7766822,MALARIA_IMPORTED,COUNTRY,BOL,AMR,Americas,YEAR,2018,,,,,,,,,12,12,,,,2024-12-10T17:44:48Z,2018,2018-01-01,2018-12-31
6269290,MALARIA_IMPORTED,COUNTRY,MDG,AFR,Africa,YEAR,2020,,,,,,,,,1732,1732,,,,2024-12-10T17:44:48Z,2020,2020-01-01,2020-12-31
3053148,MALARIA_IMPORTED,COUNTRY,DOM,AMR,Americas,YEAR,2015,,,,,,,,,30,30,,,,2024-12-10T17:44:48Z,2015,2015-01-01,2015-12-31
7167924,MALARIA_IMPORTED,REGION,WPR,,,YEAR,2016,,,,,,,,,3703,3703,,,,2024-12-10T17:44:48Z,2016,2016-01-01,2016-12-31
6889125,MALARIA_IMPORTED,COUNTRY,TUR,EUR,Europe,YEAR,2015,,,,,,,,,221,221,,,,2024-12-10T17:44:48Z,2015,2015-01-01,2015-12-31
6015707,MALARIA_IMPORTED,COUNTRY,DOM,AMR,Americas,YEAR,2016,,,,,,,,,65,65,,,,2024-12-10T17:44:48Z,2016,2016-01-01,2016-12-31
3520337,MALARIA_IMPORTED,COUNTRY,PHL,WPR,Western Pacific,YEAR,2016,,,,,,,,,55,55,,,,2024-12-10T17:44:48Z,2016,2016-01-01,2016-12-31
8672429,MALARIA_IMPORTED,COUNTRY,PHL,WPR,Western Pacific,YEAR,2021,,,,,,,,,35,35,,,,2024-12-10T17:44:48Z,2021,2021-01-01,2021-12-31
1933236,MALARIA_IMPORTED,COUNTRY,BRA,AMR,Americas,YEAR,2020,,,,,,,,,1811,1811,,,,2024-12-10T17:44:48Z,2020,2020-01-01,2020-12-31
2339173,MALARIA_IMPORTED,COUNTRY,AZE,EUR,Europe,YEAR,2022,,,,,,,,,1,1,,,,2024-12-10T17:44:48Z,2022,2022-01-01,2022-12-31
3854122,MALARIA_IMPORTED,COUNTRY,BLZ,AMR,Americas,YEAR,2022,,,,,,,,,0,0,,,,2024-12-10T17:44:48Z,2022,2022-01-01,2022-12-31
9044104,MALARIA_IMPORTED,COUNTRY,BOL,AMR,Americas,YEAR,2016,,,,,,,,,11,11,,,,2024-12-10T17:44:48Z,2016,2016-01-01,2016-12-31
5842444,MALARIA_IMPORTED,COUNTRY,SAU,EMR,Eastern Mediterranean,YEAR,2019,,,,,,,,,2029,2029,,,,2024-12-10T17:44:48Z,2019,2019-01-01,2019-12-31
1252979,MALARIA_IMPORTED,COUNTRY,SWZ,AFR,Africa,YEAR,2018,,,,,,,,,271,271,,,,2024-12-10T17:44:48Z,2018,2018-01-01,2018-12-31
3140145,MALARIA_IMPORTED,COUNTRY,GUF,AMR,Americas,YEAR,2016,,,,,,,,,41,41,,,,2024-12-10T17:44:48Z,2016,2016-01-01,2016-12-31
3340284,MALARIA_IMPORTED,COUNTRY,BOL,AMR,Americas,YEAR,2019,,,,,,,,,19,19,,,,2024-12-10T17:44:48Z,2019,2019-01-01,2019-12-31
2086440,MALARIA_IMPORTED,COUNTRY,NIC,AMR,Americas,YEAR,2023,,,,,,,,,43,43,,,,2024-12-10T17:44:48Z,2023,2023-01-01,2023-12-31
1759853,MALARIA_IMPORTED,COUNTRY,SEN,AFR,Africa,YEAR,2022,,,,,,,,,0,0,,,,2024-12-10T17:44:48Z,2022,2022-01-01,2022-12-31
9084215,MALARIA_IMPORTED,COUNTRY,NAM,AFR,Africa,YEAR,2017,,,,,,,,,11 874,11874,,,,2024-12-10T17:44:48Z,2017,2017-01-01,2017-12-31
6829288,MALARIA_IMPORTED,COUNTRY,GUF,AMR,Americas,YEAR,2019,,,,,,,,,36,36,,,,2024-12-10T17:44:48Z,2019,2019-01-01,2019-12-31
3573885,MALARIA_IMPORTED,COUNTRY,TZA,AFR,Africa,YEAR,2022,,,,,,,,,6244,6244,,,,2024-12-10T17:44:48Z,2022,2022-01-01,2022-12-31
7593542,MALARIA_IMPORTED,COUNTRY,NAM,AFR,Africa,YEAR,2020,,,,,,,,,1342,1342,,,,2024-12-10T17:44:48Z,2020,2020-01-01,2020-12-31
4343149,MALARIA_IMPORTED,COUNTRY,LKA,SEAR,South-East Asia,YEAR,2015,,,,,,,,,36,36,,,,2024-12-10T17:44:48Z,2015,2015-01-01,2015-12-31
6329350,MALARIA_IMPORTED,REGION,AFR,,,YEAR,2020,,,,,,,,,18 225,18225,,,,2024-12-10T17:44:48Z,2020,2020-01-01,2020-12-31
2246068,MALARIA_IMPORTED,COUNTRY,AZE,EUR,Europe,YEAR,2018,,,,,,,,,2,2,,,,2024-12-10T17:44:48Z,2018,2018-01-01,2018-12-31
4469751,MALARIA_IMPORTED,COUNTRY,TZA,AFR,Africa,YEAR,2023,,,,,,,,,9540,9540,,,,2024-12-10T17:44:48Z,2023,2023-01-01,2023-12-31
6275968,MALARIA_IMPORTED,COUNTRY,TLS,SEAR,South-East Asia,YEAR,2017,,,,,,,,,13,13,,,,2024-12-10T17:44:48Z,2017,2017-01-01,2017-12-31
4716362,MALARIA_IMPORTED,COUNTRY,SAU,EMR,Eastern Mediterranean,YEAR,2020,,,,,,,,,3453,3453,,,,2024-12-10T17:44:48Z,2020,2020-01-01,2020-12-31
4789694,MALARIA_IMPORTED,COUNTRY,SLV,AMR,Americas,YEAR,2017,,,,,,,,,3,3,,,,2024-12-10T17:44:48Z,2017,2017-01-01,2017-12-31
6156148,MALARIA_IMPORTED,COUNTRY,MDG,AFR,Africa,YEAR,2015,,,,,,,,,1167,1167,,,,2024-12-10T17:44:48Z,2015,2015-01-01,2015-12-31
5083140,MALARIA_IMPORTED,GLOBAL,GLOBAL,,,YEAR,2018,,,,,,,,,38 021,38021,,,,2024-12-10T17:44:48Z,2018,2018-01-01,2018-12-31
5349650,MALARIA_IMPORTED,COUNTRY,GEO,EUR,Europe,YEAR,2020,,,,,,,,,4,4,,,,2024-12-10T17:44:48Z,2020,2020-01-01,2020-12-31
5436195,MALARIA_IMPORTED,COUNTRY,LAO,WPR,Western Pacific,YEAR,2021,,,,,,,,,28,28,,,,2024-12-10T17:44:48Z,2021,2021-01-01,2021-12-31
1253167,MALARIA_IMPORTED,COUNTRY,CPV,AFR,Africa,YEAR,2016,,,,,,,,,28,28,,,,2024-12-10T17:44:48Z,2016,2016-01-01,2016-12-31
8219797,MALARIA_IMPORTED,COUNTRY,PER,AMR,Americas,YEAR,2022,,,,,,,,,0,0,,,,2024-12-10T17:44:48Z,2022,2022-01-01,2022-12-31
7061849,MALARIA_IMPORTED,COUNTRY,BGD,SEAR,South-East Asia,YEAR,2023,,,,,,,,,19,19,,,,2024-12-10T17:44:48Z,2023,2023-01-01,2023-12-31
913082,MALARIA_IMPORTED,COUNTRY,BLZ,AMR,Americas,YEAR,2018,,,,,,,,,4,4,,,,2024-12-10T17:44:48Z,2018,2018-01-01,2018-12-31
919762,MALARIA_IMPORTED,COUNTRY,TKM,EUR,Europe,YEAR,2018,,,,,,,,,0,0,,,,2024-12-10T17:44:48Z,2018,2018-01-01,2018-12-31
1533290,MALARIA_IMPORTED,COUNTRY,VNM,WPR,Western Pacific,YEAR,2019,,,,,,,,,1565,1565,,,,2024-12-10T17:44:48Z,2019,2019-01-01,2019-12-31
513456,MALARIA_IMPORTED,COUNTRY,ARG,AMR,Americas,YEAR,2023,,,,,,,,,16,16,,,,2024-12-10T17:44:48Z,2023,2023-01-01,2023-12-31
1052653,MALARIA_IMPORTED,COUNTRY,THA,SEAR,South-East Asia,YEAR,2023,,,,,,,,,7276,7276,,,,2024-12-10T17:44:48Z,2023,2023-01-01,2023-12-31
7953652,MALARIA_IMPORTED,COUNTRY,BLZ,AMR,Americas,YEAR,2023,,,,,,,,,2,2,,,,2024-12-10T17:44:48Z,2023,2023-01-01,2023-12-31
3981372,MALARIA_IMPORTED,COUNTRY,GEO,EUR,Europe,YEAR,2017,,,,,,,,,8,8,,,,2024-12-10T17:44:48Z,2017,2017-01-01,2017-12-31
1933592,MALARIA_IMPORTED,COUNTRY,SWZ,AFR,Africa,YEAR,2017,,,,,,,,,687,687,,,,2024-12-10T17:44:48Z,2017,2017-01-01,2017-12-31
406920,MALARIA_IMPORTED,COUNTRY,HND,AMR,Americas,YEAR,2018,,,,,,,,,21,21,,,,2024-12-10T17:44:48Z,2018,2018-01-01,2018-12-31
6962884,MALARIA_IMPORTED,COUNTRY,ARM,EUR,Europe,YEAR,2020,,,,,,,,,3,3,,,,2024-12-10T17:44:48Z,2020,2020-01-01,2020-12-31
3447242,MALARIA_IMPORTED,COUNTRY,PER,AMR,Americas,YEAR,2018,,,,,,,,,176,176,,,,2024-12-10T17:44:48Z,2018,2018-01-01,2018-12-31
5009999,MALARIA_IMPORTED,COUNTRY,PHL,WPR,Western Pacific,YEAR,2017,,,,,,,,,69,69,,,,2024-12-10T17:44:48Z,2017,2017-01-01,2017-12-31
1873760,MALARIA_IMPORTED,COUNTRY,GEO,EUR,Europe,YEAR,2019,,,,,,,,,8,8,,,,2024-12-10T17:44:48Z,2019,2019-01-01,2019-12-31
7693883,MALARIA_IMPORTED,COUNTRY,NPL,SEAR,South-East Asia,YEAR,2019,,,,,,,,,579,579,,,,2024-12-10T17:44:48Z,2019,2019-01-01,2019-12-31
6663009,MALARIA_IMPORTED,COUNTRY,TZA,AFR,Africa,YEAR,2021,,,,,,,,,4319,4319,,,,2024-12-10T17:44:48Z,2021,2021-01-01,2021-12-31
1593667,MALARIA_IMPORTED,COUNTRY,MYS,WPR,Western Pacific,YEAR,2020,,,,,,,,,177,177,,,,2024-12-10T17:44:48Z,2020,2020-01-01,2020-12-31
3554310,MALARIA_IMPORTED,COUNTRY,NIC,AMR,Americas,YEAR,2020,,,,,,,,,25,25,,,,2024-12-10T17:44:48Z,2020,2020-01-01,2020-12-31
7614038,MALARIA_IMPORTED,COUNTRY,TUR,EUR,Europe,YEAR,2017,,,,,,,,,214,214,,,,2024-12-10T17:44:48Z,2017,2017-01-01,2017-12-31
3654467,MALARIA_IMPORTED,COUNTRY,NPL,SEAR,South-East Asia,YEAR,2020,,,,,,,,,357,357,,,,2024-12-10T17:44:48Z,2020,2020-01-01,2020-12-31
8911774,MALARIA_IMPORTED,COUNTRY,TUR,EUR,Europe,YEAR,2019,,,,,,,,,277,277,,,,2024-12-10T17:44:48Z,2019,2019-01-01,2019-12-31
3827926,MALARIA_IMPORTED,COUNTRY,SWZ,AFR,Africa,YEAR,2016,,,,,,,,,67,67,,,,2024-12-10T17:44:48Z,2016,2016-01-01,2016-12-31
9431926,MALARIA_IMPORTED,COUNTRY,BGD,SEAR,South-East Asia,YEAR,2020,,,,,,,,,2,2,,,,2024-12-10T17:44:48Z,2020,2020-01-01,2020-12-31
5749550,MALARIA_IMPORTED,COUNTRY,SAU,EMR,Eastern Mediterranean,YEAR,2016,,,,,,,,,5110,5110,,,,2024-12-10T17:44:48Z,2016,2016-01-01,2016-12-31
9551699,MALARIA_IMPORTED,COUNTRY,IRN,EMR,Eastern Mediterranean,YEAR,2022,,,,,,,,,4238,4238,,,,2024-12-10T17:44:48Z,2022,2022-01-01,2022-12-31
3107337,MALARIA_IMPORTED,COUNTRY,DZA,AFR,Africa,YEAR,2023,,,,,,,,,427,427,,,,2024-12-10T17:44:48Z,2023,2023-01-01,2023-12-31
8938310,MALARIA_IMPORTED,COUNTRY,STP,AFR,Africa,YEAR,2016,,,,,,,,,0,0,,,,2024-12-10T17:44:48Z,2016,2016-01-01,2016-12-31
2967039,MALARIA_IMPORTED,COUNTRY,MYS,WPR,Western Pacific,YEAR,2023,,,,,,,,,675,675,,,,2024-12-10T17:44:48Z,2023,2023-01-01,2023-12-31
6663116,MALARIA_IMPORTED,COUNTRY,COL,AMR,Americas,YEAR,2016,,,,,,,,,618,618,,,,2024-12-10T17:44:48Z,2016,2016-01-01,2016-12-31
1833955,MALARIA_IMPORTED,COUNTRY,BRA,AMR,Americas,YEAR,2016,,,,,,,,,5068,5068,,,,2024-12-10T17:44:48Z,2016,2016-01-01,2016-12-31
5409888,MALARIA_IMPORTED,COUNTRY,ARM,EUR,Europe,YEAR,2015,,,,,,,,,2,2,,,,2024-12-10T17:44:48Z,2015,2015-01-01,2015-12-31
4081624,MALARIA_IMPORTED,COUNTRY,PRY,AMR,Americas,YEAR,2018,,,,,,,,,0,0,,,,2024-12-10T17:44:48Z,2018,2018-01-01,2018-12-31
3514329,MALARIA_IMPORTED,COUNTRY,ECU,AMR,Americas,YEAR,2023,,,,,,,,,59,59,,,,2024-12-10T17:44:48Z,2023,2023-01-01,2023-12-31
7208441,MALARIA_IMPORTED,COUNTRY,STP,AFR,Africa,YEAR,2020,,,,,,,,,11,11,,,,2024-12-10T17:44:48Z,2020,2020-01-01,2020-12-31
6676528,MALARIA_IMPORTED,COUNTRY,GUF,AMR,Americas,YEAR,2022,,,,,,,,,15,15,,,,2024-12-10T17:44:48Z,2022,2022-01-01,2022-12-31
5423352,MALARIA_IMPORTED,COUNTRY,ARG,AMR,Americas,YEAR,2021,,,,,,,,,13,13,,,,2024-12-10T17:44:48Z,2021,2021-01-01,2021-12-31
2027040,MALARIA_IMPORTED,COUNTRY,VEN,AMR,Americas,YEAR,2021,,,,,,,,,829,829,,,,2024-12-10T17:44:48Z,2021,2021-01-01,2021-12-31
6070031,MALARIA_IMPORTED,COUNTRY,UZB,EUR,Europe,YEAR,2017,,,,,,,,,0,0,,,,2024-12-10T17:44:48Z,2017,2017-01-01,2017-12-31
4576773,MALARIA_IMPORTED,COUNTRY,PHL,WPR,Western Pacific,YEAR,2019,,,,,,,,,95,95,,,,2024-12-10T17:44:48Z,2019,2019-01-01,2019-12-31
2993874,MALARIA_IMPORTED,COUNTRY,PAN,AMR,Americas,YEAR,2022,,,,,,,,,31,31,,,,2024-12-10T17:44:48Z,2022,2022-01-01,2022-12-31
4750433,MALARIA_IMPORTED,COUNTRY,MYS,WPR,Western Pacific,YEAR,2015,,,,,,,,,435,435,,,,2024-12-10T17:44:48Z,2015,2015-01-01,2015-12-31
2033788,MALARIA_IMPORTED,COUNTRY,VNM,WPR,Western Pacific,YEAR,2020,,,,,,,,,46,46,,,,2024-12-10T17:44:48Z,2020,2020-01-01,2020-12-31
2100467,MALARIA_IMPORTED,REGION,EMR,,,YEAR,2019,,,,,,,,,3136,3136,,,,2024-12-10T17:44:48Z,2019,2019-01-01,2019-12-31
8587065,MALARIA_IMPORTED,COUNTRY,DOM,AMR,Americas,YEAR,2020,,,,,,,,,3,3,,,,2024-12-10T17:44:48Z,2020,2020-01-01,2020-12-31
6350072,MALARIA_IMPORTED,COUNTRY,BWA,AFR,Africa,YEAR,2021,,,,,,,,,26,26,,,,2024-12-10T17:44:48Z,2021,2021-01-01,2021-12-31
1447017,MALARIA_IMPORTED,COUNTRY,ZAF,AFR,Africa,YEAR,2021,,,,,,,,,2917,2917,,,,2024-12-10T17:44:48Z,2021,2021-01-01,2021-12-31
8725625,MALARIA_IMPORTED,COUNTRY,TUR,EUR,Europe,YEAR,2018,,,,,,,,,237,237,,,,2024-12-10T17:44:48Z,2018,2018-01-01,2018-12-31
7654224,MALARIA_IMPORTED,COUNTRY,UZB,EUR,Europe,YEAR,2020,,,,,,,,,2,2,,,,2024-12-10T17:44:48Z,2020,2020-01-01,2020-12-31
6509894,MALARIA_IMPORTED,REGION,AMR,,,YEAR,2017,,,,,,,,,9922,9922,,,,2024-12-10T17:44:48Z,2017,2017-01-01,2017-12-31
7774437,MALARIA_IMPORTED,COUNTRY,BTN,SEAR,South-East Asia,YEAR,2021,,,,,,,,,13,13,,,,2024-12-10T17:44:48Z,2021,2021-01-01,2021-12-31
5283402,MALARIA_IMPORTED,COUNTRY,PHL,WPR,Western Pacific,YEAR,2015,,,,,,,,,85,85,,,,2024-12-10T17:44:48Z,2015,2015-01-01,2015-12-31
1287287,MALARIA_IMPORTED,COUNTRY,BTN,SEAR,South-East Asia,YEAR,2019,,,,,,,,,30,30,,,,2024-12-10T17:44:48Z,2019,2019-01-01,2019-12-31
3121005,MALARIA_IMPORTED,COUNTRY,ETH,AFR,Africa,YEAR,2021,,,,,,,,,836,836,,,,2024-12-10T17:44:48Z,2021,2021-01-01,2021-12-31
7828013,MALARIA_IMPORTED,COUNTRY,GUF,AMR,Americas,YEAR,2015,,,,,,,,,60,60,,,,2024-12-10T17:44:48Z,2015,2015-01-01,2015-12-31
4990512,MALARIA_IMPORTED,COUNTRY,LKA,SEAR,South-East Asia,YEAR,2016,,,,,,,,,41,41,,,,2024-12-10T17:44:48Z,2016,2016-01-01,2016-12-31
3855083,MALARIA_IMPORTED,COUNTRY,NIC,AMR,Americas,YEAR,2018,,,,,,,,,17,17,,,,2024-12-10T17:44:48Z,2018,2018-01-01,2018-12-31
8447077,MALARIA_IMPORTED,COUNTRY,ECU,AMR,Americas,YEAR,2015,,,,,,,,,59,59,,,,2024-12-10T17:44:48Z,2015,2015-01-01,2015-12-31
2346819,MALARIA_IMPORTED,COUNTRY,LAO,WPR,Western Pacific,YEAR,2019,,,,,,,,,0,0,,,,2024-12-10T17:44:48Z,2019,2019-01-01,2019-12-31
9205319,MALARIA_IMPORTED,COUNTRY,BGD,SEAR,South-East Asia,YEAR,2015,,,,,,,,,129,129,,,,2024-12-10T17:44:48Z,2015,2015-01-01,2015-12-31
6270395,MALARIA_IMPORTED,COUNTRY,KOR,WPR,Western Pacific,YEAR,2020,,,,,,,,,29,29,,,,2024-12-10T17:44:48Z,2020,2020-01-01,2020-12-31
3127800,MALARIA_IMPORTED,COUNTRY,VEN,AMR,Americas,YEAR,2015,,,,,,,,,1594,1594,,,,2024-12-10T17:44:48Z,2015,2015-01-01,2015-12-31
222548,MALARIA_IMPORTED,COUNTRY,CPV,AFR,Africa,YEAR,2019,,,,,,,,,39,39,,,,2024-12-10T17:44:48Z,2019,2019-01-01,2019-12-31
5776678,MALARIA_IMPORTED,REGION,AMR,,,YEAR,2020,,,,,,,,,4006,4006,,,,2024-12-10T17:44:48Z,2020,2020-01-01,2020-12-31
1060118,MALARIA_IMPORTED,COUNTRY,PER,AMR,Americas,YEAR,2021,,,,,,,,,65,65,,,,2024-12-10T17:44:48Z,2021,2021-01-01,2021-12-31
833790,MALARIA_IMPORTED,COUNTRY,NPL,SEAR,South-East Asia,YEAR,2017,,,,,,,,,670,670,,,,2024-12-10T17:44:48Z,2017,2017-01-01,2017-12-31
4930639,MALARIA_IMPORTED,REGION,EUR,,,YEAR,2016,,,,,,,,,225,225,,,,2024-12-10T17:44:48Z,2016,2016-01-01,2016-12-31
2387171,MALARIA_IMPORTED,COUNTRY,GUY,AMR,Americas,YEAR,2016,,,,,,,,,411,411,,,,2024-12-10T17:44:48Z,2016,2016-01-01,2016-12-31
3234585,MALARIA_IMPORTED,COUNTRY,STP,AFR,Africa,YEAR,2015,,,,,,,,,2,2,,,,2024-12-10T17:44:48Z,2015,2015-01-01,2015-12-31
242628,MALARIA_IMPORTED,COUNTRY,ARM,EUR,Europe,YEAR,2022,,,,,,,,,2,2,,,,2024-12-10T17:44:48Z,2022,2022-01-01,2022-12-31
5536625,MALARIA_IMPORTED,COUNTRY,TLS,SEAR,South-East Asia,YEAR,2018,,,,,,,,,7,7,,,,2024-12-10T17:44:48Z,2018,2018-01-01,2018-12-31
5589781,MALARIA_IMPORTED,COUNTRY,LKA,SEAR,South-East Asia,YEAR,2018,,,,,,,,,48,48,,,,2024-12-10T17:44:48Z,2018,2018-01-01,2018-12-31
2967574,MALARIA_IMPORTED,REGION,EMR,,,YEAR,2020,,,,,,,,,4331,4331,,,,2024-12-10T17:44:48Z,2020,2020-01-01,2020-12-31
8087535,MALARIA_IMPORTED,COUNTRY,SUR,AMR,Americas,YEAR,2016,,,,,,,,,251,251,,,,2024-12-10T17:44:48Z,2016,2016-01-01,2016-12-31
5703381,MALARIA_IMPORTED,COUNTRY,KOR,WPR,Western Pacific,YEAR,2021,,,,,,,,,20,20,,,,2024-12-10T17:44:48Z,2021,2021-01-01,2021-12-31
9332319,MALARIA_IMPORTED,COUNTRY,PER,AMR,Americas,YEAR,2019,,,,,,,,,159,159,,,,2024-12-10T17:44:48Z,2019,2019-01-01,2019-12-31
8706634,MALARIA_IMPORTED,COUNTRY,PAN,AMR,Americas,YEAR,2023,,,,,,,,,56,56,,,,2024-12-10T17:44:48Z,2023,2023-01-01,2023-12-31
7748057,MALARIA_IMPORTED,COUNTRY,TLS,SEAR,South-East Asia,YEAR,2019,,,,,,,,,9,9,,,,2024-12-10T17:44:48Z,2019,2019-01-01,2019-12-31
8314231,MALARIA_IMPORTED,COUNTRY,UZB,EUR,Europe,YEAR,2019,,,,,,,,,1,1,,,,2024-12-10T17:44:48Z,2019,2019-01-01,2019-12-31
8480774,MALARIA_IMPORTED,COUNTRY,AZE,EUR,Europe,YEAR,2019,,,,,,,,,0,0,,,,2024-12-10T17:44:48Z,2019,2019-01-01,2019-12-31
3588428,MALARIA_IMPORTED,COUNTRY,TJK,EUR,Europe,YEAR,2017,,,,,,,,,3,3,,,,2024-12-10T17:44:48Z,2017,2017-01-01,2017-12-31
5890478,MALARIA_IMPORTED,REGION,EUR,,,YEAR,2015,,,,,,,,,234,234,,,,2024-12-10T17:44:48Z,2015,2015-01-01,2015-12-31
6530397,MALARIA_IMPORTED,GLOBAL,GLOBAL,,,YEAR,2021,,,,,,,,,22 837,22837,,,,2024-12-10T17:44:48Z,2021,2021-01-01,2021-12-31
1781120,MALARIA_IMPORTED,COUNTRY,PHL,WPR,Western Pacific,YEAR,2020,,,,,,,,,26,26,,,,2024-12-10T17:44:48Z,2020,2020-01-01,2020-12-31
8367451,MALARIA_IMPORTED,COUNTRY,BTN,SEAR,South-East Asia,YEAR,2020,,,,,,,,,9,9,,,,2024-12-10T17:44:48Z,2020,2020-01-01,2020-12-31
8607631,MALARIA_IMPORTED,COUNTRY,DOM,AMR,Americas,YEAR,2023,,,,,,,,,18,18,,,,2024-12-10T17:44:48Z,2023,2023-01-01,2023-12-31
2854506,MALARIA_IMPORTED,COUNTRY,ECU,AMR,Americas,YEAR,2021,,,,,,,,,70,70,,,,2024-12-10T17:44:48Z,2021,2021-01-01,2021-12-31
8054377,MALARIA_IMPORTED,COUNTRY,DOM,AMR,Americas,YEAR,2022,,,,,,,,,17,17,,,,2024-12-10T17:44:48Z,2022,2022-01-01,2022-12-31
8467501,MALARIA_IMPORTED,COUNTRY,ARG,AMR,Americas,YEAR,2015,,,,,,,,,11,11,,,,2024-12-10T17:44:48Z,2015,2015-01-01,2015-12-31
1941365,MALARIA_IMPORTED,COUNTRY,THA,SEAR,South-East Asia,YEAR,2020,,,,,,,,,798,798,,,,2024-12-10T17:44:48Z,2020,2020-01-01,2020-12-31
834055,MALARIA_IMPORTED,COUNTRY,TLS,SEAR,South-East Asia,YEAR,2016,,,,,,,,,10,10,,,,2024-12-10T17:44:48Z,2016,2016-01-01,2016-12-31
7362332,MALARIA_IMPORTED,COUNTRY,HND,AMR,Americas,YEAR,2015,,,,,,,,,0,0,,,,2024-12-10T17:44:48Z,2015,2015-01-01,2015-12-31
7754908,MALARIA_IMPORTED,GLOBAL,GLOBAL,,,YEAR,2016,,,,,,,,,32 920,32920,,,,2024-12-10T17:44:48Z,2016,2016-01-01,2016-12-31
4637595,MALARIA_IMPORTED,COUNTRY,DOM,AMR,Americas,YEAR,2019,,,,,,,,,37,37,,,,2024-12-10T17:44:48Z,2019,2019-01-01,2019-12-31
9045546,MALARIA_IMPORTED,COUNTRY,SLV,AMR,Americas,YEAR,2021,,,,,,,,,4,4,,,,2024-12-10T17:44:48Z,2021,2021-01-01,2021-12-31
5191289,MALARIA_IMPORTED,COUNTRY,MYT,AFR,Africa,YEAR,2017,,,,,,,,,10,10,,,,2024-12-10T17:44:48Z,2017,2017-01-01,2017-12-31
8713579,MALARIA_IMPORTED,COUNTRY,BLZ,AMR,Americas,YEAR,2020,,,,,,,,,0,0,,,,2024-12-10T17:44:48Z,2020,2020-01-01,2020-12-31
269646,MALARIA_IMPORTED,COUNTRY,MEX,AMR,Americas,YEAR,2021,,,,,,,,,31,31,,,,2024-12-10T17:44:48Z,2021,2021-01-01,2021-12-31
2240705,MALARIA_IMPORTED,COUNTRY,ETH,AFR,Africa,YEAR,2022,,,,,,,,,1465,1465,,,,2024-12-10T17:44:48Z,2022,2022-01-01,2022-12-31
6410613,MALARIA_IMPORTED,COUNTRY,COM,AFR,Africa,YEAR,2019,,,,,,,,,98,98,,,,2024-12-10T17:44:48Z,2019,2019-01-01,2019-12-31
3168256,MALARIA_IMPORTED,COUNTRY,SUR,AMR,Americas,YEAR,2017,,,,,,,,,414,414,,,,2024-12-10T17:44:48Z,2017,2017-01-01,2017-12-31
1747940,MALARIA_IMPORTED,COUNTRY,BWA,AFR,Africa,YEAR,2020,,,,,,,,,69,69,,,,2024-12-10T17:44:48Z,2020,2020-01-01,2020-12-31
8772879,MALARIA_IMPORTED,COUNTRY,MEX,AMR,Americas,YEAR,2019,,,,,,,,,22,22,,,,2024-12-10T17:44:48Z,2019,2019-01-01,2019-12-31
5817340,MALARIA_IMPORTED,COUNTRY,KOR,WPR,Western Pacific,YEAR,2016,,,,,,,,,71,71,,,,2024-12-10T17:44:48Z,2016,2016-01-01,2016-12-31
3061482,MALARIA_IMPORTED,COUNTRY,PAN,AMR,Americas,YEAR,2020,,,,,,,,,10,10,,,,2024-12-10T17:44:48Z,2020,2020-01-01,2020-12-31
6697477,MALARIA_IMPORTED,COUNTRY,CRI,AMR,Americas,YEAR,2023,,,,,,,,,93,93,,,,2024-12-10T17:44:48Z,2023,2023-01-01,2023-12-31
714157,MALARIA_IMPORTED,COUNTRY,MEX,AMR,Americas,YEAR,2020,,,,,,,,,10,10,,,,2024-12-10T17:44:48Z,2020,2020-01-01,2020-12-31
1461150,MALARIA_IMPORTED,REGION,AMR,,,YEAR,2021,,,,,,,,,3424,3424,,,,2024-12-10T17:44:48Z,2021,2021-01-01,2021-12-31
8540992,MALARIA_IMPORTED,COUNTRY,IDN,SEAR,South-East Asia,YEAR,2021,,,,,,,,,27,27,,,,2024-12-10T17:44:48Z,2021,2021-01-01,2021-12-31
289407,MALARIA_IMPORTED,COUNTRY,NAM,AFR,Africa,YEAR,2019,,,,,,,,,1064,1064,,,,2024-12-10T17:44:48Z,2019,2019-01-01,2019-12-31
4824397,MALARIA_IMPORTED,COUNTRY,BLZ,AMR,Americas,YEAR,2017,,,,,,,,,2,2,,,,2024-12-10T17:44:48Z,2017,2017-01-01,2017-12-31
6790996,MALARIA_IMPORTED,COUNTRY,CRI,AMR,Americas,YEAR,2017,,,,,,,,,13,13,,,,2024-12-10T17:44:48Z,2017,2017-01-01,2017-12-31
8912840,MALARIA_IMPORTED,REGION,EMR,,,YEAR,2016,,,,,,,,,5721,5721,,,,2024-12-10T17:44:48Z,2016,2016-01-01,2016-12-31
9252699,MALARIA_IMPORTED,REGION,WPR,,,YEAR,2017,,,,,,,,,3235,3235,,,,2024-12-10T17:44:48Z,2017,2017-01-01,2017-12-31
16892,MALARIA_IMPORTED,COUNTRY,ZAF,AFR,Africa,YEAR,2015,,,,,,,,,3568,3568,,,,2024-12-10T17:44:48Z,2015,2015-01-01,2015-12-31
1874919,MALARIA_IMPORTED,COUNTRY,ARG,AMR,Americas,YEAR,2016,,,,,,,,,9,9,,,,2024-12-10T17:44:48Z,2016,2016-01-01,2016-12-31
2294239,MALARIA_IMPORTED,COUNTRY,ARM,EUR,Europe,YEAR,2018,,,,,,,,,6,6,,,,2024-12-10T17:44:48Z,2018,2018-01-01,2018-12-31
2300925,MALARIA_IMPORTED,COUNTRY,BTN,SEAR,South-East Asia,YEAR,2015,,,,,,,,,70,70,,,,2024-12-10T17:44:48Z,2015,2015-01-01,2015-12-31
2340808,MALARIA_IMPORTED,REGION,WPR,,,YEAR,2020,,,,,,,,,1348,1348,,,,2024-12-10T17:44:48Z,2020,2020-01-01,2020-12-31
4471262,MALARIA_IMPORTED,COUNTRY,ZAF,AFR,Africa,YEAR,2016,,,,,,,,,3075,3075,,,,2024-12-10T17:44:48Z,2016,2016-01-01,2016-12-31
1961691,MALARIA_IMPORTED,COUNTRY,SAU,EMR,Eastern Mediterranean,YEAR,2023,,,,,,,,,6159,6159,,,,2024-12-10T17:44:48Z,2023,2023-01-01,2023-12-31
8148142,MALARIA_IMPORTED,COUNTRY,CRI,AMR,Americas,YEAR,2020,,,,,,,,,34,34,,,,2024-12-10T17:44:48Z,2020,2020-01-01,2020-12-31
5557065,MALARIA_IMPORTED,COUNTRY,MEX,AMR,Americas,YEAR,2016,,,,,,,,,45,45,,,,2024-12-10T17:44:48Z,2016,2016-01-01,2016-12-31
2261006,MALARIA_IMPORTED,COUNTRY,IRN,EMR,Eastern Mediterranean,YEAR,2017,,,,,,,,,868,868,,,,2024-12-10T17:44:48Z,2017,2017-01-01,2017-12-31
8354719,MALARIA_IMPORTED,COUNTRY,NIC,AMR,Americas,YEAR,2017,,,,,,,,,3,3,,,,2024-12-10T17:44:48Z,2017,2017-01-01,2017-12-31
7462987,MALARIA_IMPORTED,COUNTRY,COM,AFR,Africa,YEAR,2020,,,,,,,,,0,0,,,,2024-12-10T17:44:48Z,2020,2020-01-01,2020-12-31
2061552,MALARIA_IMPORTED,COUNTRY,SLV,AMR,Americas,YEAR,2022,,,,,,,,,1,1,,,,2024-12-10T17:44:48Z,2022,2022-01-01,2022-12-31
2561266,MALARIA_IMPORTED,COUNTRY,VEN,AMR,Americas,YEAR,2016,,,,,,,,,1948,1948,,,,2024-12-10T17:44:48Z,2016,2016-01-01,2016-12-31
7681834,MALARIA_IMPORTED,COUNTRY,BWA,AFR,Africa,YEAR,2019,,,,,,,,,103,103,,,,2024-12-10T17:44:48Z,2019,2019-01-01,2019-12-31
5990883,MALARIA_IMPORTED,COUNTRY,SUR,AMR,Americas,YEAR,2021,,,,,,,,,53,53,,,,2024-12-10T17:44:48Z,2021,2021-01-01,2021-12-31
7436280,MALARIA_IMPORTED,REGION,EMR,,,YEAR,2018,,,,,,,,,3119,3119,,,,2024-12-10T17:44:48Z,2018,2018-01-01,2018-12-31
5217890,MALARIA_IMPORTED,COUNTRY,BOL,AMR,Americas,YEAR,2021,,,,,,,,,15,15,,,,2024-12-10T17:44:48Z,2021,2021-01-01,2021-12-31
9552987,MALARIA_IMPORTED,COUNTRY,ECU,AMR,Americas,YEAR,2020,,,,,,,,,67,67,,,,2024-12-10T17:44:48Z,2020,2020-01-01,2020-12-31
7848994,MALARIA_IMPORTED,GLOBAL,GLOBAL,,,YEAR,2015,,,,,,,,,46 631,46631,,,,2024-12-10T17:44:48Z,2015,2015-01-01,2015-12-31
1621835,MALARIA_IMPORTED,COUNTRY,NAM,AFR,Africa,YEAR,2016,,,,,,,,,3980,3980,,,,2024-12-10T17:44:48Z,2016,2016-01-01,2016-12-31
3702735,MALARIA_IMPORTED,COUNTRY,SWZ,AFR,Africa,YEAR,2020,,,,,,,,,82,82,,,,2024-12-10T17:44:48Z,2020,2020-01-01,2020-12-31
2121691,MALARIA_IMPORTED,COUNTRY,KGZ,EUR,Europe,YEAR,2016,,,,,,,,,6,6,,,,2024-12-10T17:44:48Z,2016,2016-01-01,2016-12-31
7336462,MALARIA_IMPORTED,COUNTRY,MYT,AFR,Africa,YEAR,2019,,,,,,,,,51,51,,,,2024-12-10T17:44:48Z,2019,2019-01-01,2019-12-31
1368368,MALARIA_IMPORTED,COUNTRY,NPL,SEAR,South-East Asia,YEAR,2016,,,,,,,,,502,502,,,,2024-12-10T17:44:48Z,2016,2016-01-01,2016-12-31
6951302,MALARIA_IMPORTED,COUNTRY,ZWE,AFR,Africa,YEAR,2015,,,,,,,,,180,180,,,,2024-12-10T17:44:48Z,2015,2015-01-01,2015-12-31
9279678,MALARIA_IMPORTED,COUNTRY,NIC,AMR,Americas,YEAR,2015,,,,,,,,,29,29,,,,2024-12-10T17:44:48Z,2015,2015-01-01,2015-12-31
5597318,MALARIA_IMPORTED,COUNTRY,SLV,AMR,Americas,YEAR,2015,,,,,,,,,4,4,,,,2024-12-10T17:44:48Z,2015,2015-01-01,2015-12-31
1121285,MALARIA_IMPORTED,COUNTRY,SAU,EMR,Eastern Mediterranean,YEAR,2015,,,,,,,,,2537,2537,,,,2024-12-10T17:44:48Z,2015,2015-01-01,2015-12-31
3235474,MALARIA_IMPORTED,COUNTRY,UZB,EUR,Europe,YEAR,2015,,,,,,,,,0,0,,,,2024-12-10T17:44:48Z,2015,2015-01-01,2015-12-31
455353,MALARIA_IMPORTED,COUNTRY,ZWE,AFR,Africa,YEAR,2016,,,,,,,,,358,358,,,,2024-12-10T17:44:48Z,2016,2016-01-01,2016-12-31
1054446,MALARIA_IMPORTED,COUNTRY,TLS,SEAR,South-East Asia,YEAR,2022,,,,,,,,,2,2,,,,2024-12-10T17:44:48Z,2022,2022-01-01,2022-12-31
6697984,MALARIA_IMPORTED,COUNTRY,BTN,SEAR,South-East Asia,YEAR,2018,,,,,,,,,34,34,,,,2024-12-10T17:44:48Z,2018,2018-01-01,2018-12-31
3335655,MALARIA_IMPORTED,COUNTRY,PRY,AMR,Americas,YEAR,2015,,,,,,,,,8,8,,,,2024-12-10T17:44:48Z,2015,2015-01-01,2015-12-31
8595044,MALARIA_IMPORTED,COUNTRY,CPV,AFR,Africa,YEAR,2018,,,,,,,,,18,18,,,,2024-12-10T17:44:48Z,2018,2018-01-01,2018-12-31
3996513,MALARIA_IMPORTED,COUNTRY,STP,AFR,Africa,YEAR,2022,,,,,,,,,9,9,,,,2024-12-10T17:44:48Z,2022,2022-01-01,2022-12-31
1434934,MALARIA_IMPORTED,COUNTRY,GTM,AMR,Americas,YEAR,2016,,,,,,,,,1,1,,,,2024-12-10T17:44:48Z,2016,2016-01-01,2016-12-31
3128888,MALARIA_IMPORTED,COUNTRY,HND,AMR,Americas,YEAR,2019,,,,,,,,,61,61,,,,2024-12-10T17:44:48Z,2019,2019-01-01,2019-12-31
6311333,MALARIA_IMPORTED,COUNTRY,NPL,SEAR,South-East Asia,YEAR,2022,,,,,,,,,476,476,,,,2024-12-10T17:44:48Z,2022,2022-01-01,2022-12-31
528719,MALARIA_IMPORTED,COUNTRY,KHM,WPR,Western Pacific,YEAR,2019,,,,,,,,,1,1,,,,2024-12-10T17:44:48Z,2019,2019-01-01,2019-12-31
1188314,MALARIA_IMPORTED,COUNTRY,IRN,EMR,Eastern Mediterranean,YEAR,2019,,,,,,,,,1107,1107,,,,2024-12-10T17:44:48Z,2019,2019-01-01,2019-12-31
4958422,MALARIA_IMPORTED,COUNTRY,THA,SEAR,South-East Asia,YEAR,2018,,,,,,,,,1618,1618,,,,2024-12-10T17:44:48Z,2018,2018-01-01,2018-12-31
8746933,MALARIA_IMPORTED,COUNTRY,NIC,AMR,Americas,YEAR,2016,,,,,,,,,12,12,,,,2024-12-10T17:44:48Z,2016,2016-01-01,2016-12-31
1461868,MALARIA_IMPORTED,COUNTRY,GUY,AMR,Americas,YEAR,2022,,,,,,,,,39,39,,,,2024-12-10T17:44:48Z,2022,2022-01-01,2022-12-31
6958320,MALARIA_IMPORTED,COUNTRY,THA,SEAR,South-East Asia,YEAR,2015,,,,,,,,,9890,9890,,,,2024-12-10T17:44:48Z,2015,2015-01-01,2015-12-31
648295,MALARIA_IMPORTED,REGION,EMR,,,YEAR,2015,,,,,,,,,3169,3169,,,,2024-12-10T17:44:48Z,2015,2015-01-01,2015-12-31
1568765,MALARIA_IMPORTED,COUNTRY,ARG,AMR,Americas,YEAR,2022,,,,,,,,,10,10,,,,2024-12-10T17:44:48Z,2022,2022-01-01,2022-12-31
6931595,MALARIA_IMPORTED,COUNTRY,TJK,EUR,Europe,YEAR,2019,,,,,,,,,3,3,,,,2024-12-10T17:44:48Z,2019,2019-01-01,2019-12-31
2188358,MALARIA_IMPORTED,COUNTRY,THA,SEAR,South-East Asia,YEAR,2022,,,,,,,,,3726,3726,,,,2024-12-10T17:44:48Z,2022,2022-01-01,2022-12-31
9133235,MALARIA_IMPORTED,COUNTRY,LAO,WPR,Western Pacific,YEAR,2022,,,,,,,,,59,59,,,,2024-12-10T17:44:48Z,2022,2022-01-01,2022-12-31
2415054,MALARIA_IMPORTED,COUNTRY,MYT,AFR,Africa,YEAR,2023,,,,,,,,,38,38,,,,2024-12-10T17:44:48Z,2023,2023-01-01,2023-12-31
8029008,MALARIA_IMPORTED,COUNTRY,STP,AFR,Africa,YEAR,2019,,,,,,,,,10,10,,,,2024-12-10T17:44:48Z,2019,2019-01-01,2019-12-31
2941979,MALARIA_IMPORTED,COUNTRY,VEN,AMR,Americas,YEAR,2022,,,,,,,,,1544,1544,,,,2024-12-10T17:44:48Z,2022,2022-01-01,2022-12-31
9553488,MALARIA_IMPORTED,COUNTRY,ARG,AMR,Americas,YEAR,2020,,,,,,,,,13,13,,,,2024-12-10T17:44:48Z,2020,2020-01-01,2020-12-31
4605137,MALARIA_IMPORTED,COUNTRY,VEN,AMR,Americas,YEAR,2019,,,,,,,,,1848,1848,,,,2024-12-10T17:44:48Z,2019,2019-01-01,2019-12-31
5271536,MALARIA_IMPORTED,COUNTRY,COL,AMR,Americas,YEAR,2015,,,,,,,,,7785,7785,,,,2024-12-10T17:44:48Z,2015,2015-01-01,2015-12-31
4109784,MALARIA_IMPORTED,COUNTRY,DZA,AFR,Africa,YEAR,2022,,,,,,,,,1292,1292,,,,2024-12-10T17:44:48Z,2022,2022-01-01,2022-12-31
4898652,MALARIA_IMPORTED,COUNTRY,CRI,AMR,Americas,YEAR,2018,,,,,,,,,38,38,,,,2024-12-10T17:44:48Z,2018,2018-01-01,2018-12-31
3696529,MALARIA_IMPORTED,COUNTRY,MEX,AMR,Americas,YEAR,2018,,,,,,,,,23,23,,,,2024-12-10T17:44:48Z,2018,2018-01-01,2018-12-31
4242569,MALARIA_IMPORTED,COUNTRY,KHM,WPR,Western Pacific,YEAR,2020,,,,,,,,,2,2,,,,2024-12-10T17:44:48Z,2020,2020-01-01,2020-12-31
1408621,MALARIA_IMPORTED,COUNTRY,BWA,AFR,Africa,YEAR,2022,,,,,,,,,49,49,,,,2024-12-10T17:44:48Z,2022,2022-01-01,2022-12-31
1448649,MALARIA_IMPORTED,COUNTRY,SEN,AFR,Africa,YEAR,2015,,,,,,,,,0,0,,,,2024-12-10T17:44:48Z,2015,2015-01-01,2015-12-31
3162546,MALARIA_IMPORTED,COUNTRY,CRI,AMR,Americas,YEAR,2021,,,,,,,,,27,27,,,,2024-12-10T17:44:48Z,2021,2021-01-01,2021-12-31
5231831,MALARIA_IMPORTED,COUNTRY,DOM,AMR,Americas,YEAR,2017,,,,,,,,,57,57,,,,2024-12-10T17:44:48Z,2017,2017-01-01,2017-12-31
3689866,MALARIA_IMPORTED,COUNTRY,SWZ,AFR,Africa,YEAR,2023,,,,,,,,,248,248,,,,2024-12-10T17:44:48Z,2023,2023-01-01,2023-12-31
3469324,MALARIA_IMPORTED,COUNTRY,THA,SEAR,South-East Asia,YEAR,2021,,,,,,,,,800,800,,,,2024-12-10T17:44:48Z,2021,2021-01-01,2021-12-31
5651347,MALARIA_IMPORTED,COUNTRY,MYS,WPR,Western Pacific,YEAR,2018,,,,,,,,,485,485,,,,2024-12-10T17:44:48Z,2018,2018-01-01,2018-12-31
7929414,MALARIA_IMPORTED,COUNTRY,SUR,AMR,Americas,YEAR,2018,,,,,,,,,198,198,,,,2024-12-10T17:44:48Z,2018,2018-01-01,2018-12-31
4692082,MALARIA_IMPORTED,REGION,EUR,,,YEAR,2017,,,,,,,,,230,230,,,,2024-12-10T17:44:48Z,2017,2017-01-01,2017-12-31
2689066,MALARIA_IMPORTED,COUNTRY,PAN,AMR,Americas,YEAR,2019,,,,,,,,,15,15,,,,2024-12-10T17:44:48Z,2019,2019-01-01,2019-12-31
8435331,MALARIA_IMPORTED,COUNTRY,MDG,AFR,Africa,YEAR,2019,,,,,,,,,7116,7116,,,,2024-12-10T17:44:48Z,2019,2019-01-01,2019-12-31
1915889,MALARIA_IMPORTED,COUNTRY,ZWE,AFR,Africa,YEAR,2017,,,,,,,,,768,768,,,,2024-12-10T17:44:48Z,2017,2017-01-01,2017-12-31
7430357,MALARIA_IMPORTED,COUNTRY,HND,AMR,Americas,YEAR,2020,,,,,,,,,98,98,,,,2024-12-10T17:44:48Z,2020,2020-01-01,2020-12-31
582176,MALARIA_IMPORTED,COUNTRY,VUT,WPR,Western Pacific,YEAR,2020,,,,,,,,,14,14,,,,2024-12-10T17:44:48Z,2020,2020-01-01,2020-12-31
2568819,MALARIA_IMPORTED,COUNTRY,COL,AMR,Americas,YEAR,2020,,,,,,,,,466,466,,,,2024-12-10T17:44:48Z,2020,2020-01-01,2020-12-31
4878845,MALARIA_IMPORTED,COUNTRY,THA,SEAR,South-East Asia,YEAR,2019,,,,,,,,,1342,1342,,,,2024-12-10T17:44:48Z,2019,2019-01-01,2019-12-31
8628770,MALARIA_IMPORTED,COUNTRY,ECU,AMR,Americas,YEAR,2017,,,,,,,,,105,105,,,,2024-12-10T17:44:48Z,2017,2017-01-01,2017-12-31
4712288,MALARIA_IMPORTED,COUNTRY,BOL,AMR,Americas,YEAR,2023,,,,,,,,,10,10,,,,2024-12-10T17:44:48Z,2023,2023-01-01,2023-12-31
7702769,MALARIA_IMPORTED,COUNTRY,CPV,AFR,Africa,YEAR,2021,,,,,,,,,20,20,,,,2024-12-10T17:44:48Z,2021,2021-01-01,2021-12-31
8242275,MALARIA_IMPORTED,COUNTRY,AZE,EUR,Europe,YEAR,2015,,,,,,,,,1,1,,,,2024-12-10T17:44:48Z,2015,2015-01-01,2015-12-31
4892292,MALARIA_IMPORTED,COUNTRY,PHL,WPR,Western Pacific,YEAR,2023,,,,,,,,,55,55,,,,2024-12-10T17:44:48Z,2023,2023-01-01,2023-12-31
4136458,MALARIA_IMPORTED,COUNTRY,SEN,AFR,Africa,YEAR,2017,,,,,,,,,0,0,,,,2024-12-10T17:44:48Z,2017,2017-01-01,2017-12-31
4352451,MALARIA_IMPORTED,COUNTRY,GUF,AMR,Americas,YEAR,2021,,,,,,,,,37,37,,,,2024-12-10T17:44:48Z,2021,2021-01-01,2021-12-31
4665614,MALARIA_IMPORTED,COUNTRY,VUT,WPR,Western Pacific,YEAR,2021,,,,,,,,,10,10,,,,2024-12-10T17:44:48Z,2021,2021-01-01,2021-12-31
3142880,MALARIA_IMPORTED,COUNTRY,BOL,AMR,Americas,YEAR,2017,,,,,,,,,15,15,,,,2024-12-10T17:44:48Z,2017,2017-01-01,2017-12-31
4129808,MALARIA_IMPORTED,COUNTRY,KHM,WPR,Western Pacific,YEAR,2022,,,,,,,,,6,6,,,,2024-12-10T17:44:48Z,2022,2022-01-01,2022-12-31
6485109,MALARIA_IMPORTED,COUNTRY,MEX,AMR,Americas,YEAR,2023,,,,,,,,,298,298,,,,2024-12-10T17:44:48Z,2023,2023-01-01,2023-12-31
5665021,MALARIA_IMPORTED,COUNTRY,BRA,AMR,Americas,YEAR,2015,,,,,,,,,4932,4932,,,,2024-12-10T17:44:48Z,2015,2015-01-01,2015-12-31
5791822,MALARIA_IMPORTED,COUNTRY,NAM,AFR,Africa,YEAR,2015,,,,,,,,,2888,2888,,,,2024-12-10T17:44:48Z,2015,2015-01-01,2015-12-31
7789750,MALARIA_IMPORTED,COUNTRY,MMR,SEAR,South-East Asia,YEAR,2021,,,,,,,,,1,1,,,,2024-12-10T17:44:48Z,2021,2021-01-01,2021-12-31
7510435,MALARIA_IMPORTED,COUNTRY,VUT,WPR,Western Pacific,YEAR,2022,,,,,,,,,41,41,,,,2024-12-10T17:44:48Z,2022,2022-01-01,2022-12-31
875618,MALARIA_IMPORTED,COUNTRY,COM,AFR,Africa,YEAR,2021,,,,,,,,,10,10,,,,2024-12-10T17:44:48Z,2021,2021-01-01,2021-12-31
3796903,MALARIA_IMPORTED,COUNTRY,PHL,WPR,Western Pacific,YEAR,2018,,,,,,,,,82,82,,,,2024-12-10T17:44:48Z,2018,2018-01-01,2018-12-31
949149,MALARIA_IMPORTED,COUNTRY,THA,SEAR,South-East Asia,YEAR,2017,,,,,,,,,4020,4020,,,,2024-12-10T17:44:48Z,2017,2017-01-01,2017-12-31
2762977,MALARIA_IMPORTED,COUNTRY,COL,AMR,Americas,YEAR,2018,,,,,,,,,1948,1948,,,,2024-12-10T17:44:48Z,2018,2018-01-01,2018-12-31
8787489,MALARIA_IMPORTED,REGION,AMR,,,YEAR,2016,,,,,,,,,8827,8827,,,,2024-12-10T17:44:48Z,2016,2016-01-01,2016-12-31
2555735,MALARIA_IMPORTED,COUNTRY,IDN,SEAR,South-East Asia,YEAR,2019,,,,,,,,,61,61,,,,2024-12-10T17:44:48Z,2019,2019-01-01,2019-12-31
8542383,MALARIA_IMPORTED,COUNTRY,NAM,AFR,Africa,YEAR,2023,,,,,,,,,1941,1941,,,,2024-12-10T17:44:48Z,2023,2023-01-01,2023-12-31
6932196,MALARIA_IMPORTED,COUNTRY,BRA,AMR,Americas,YEAR,2019,,,,,,,,,4165,4165,,,,2024-12-10T17:44:48Z,2019,2019-01-01,2019-12-31
2375576,MALARIA_IMPORTED,COUNTRY,SWZ,AFR,Africa,YEAR,2015,,,,,,,,,157,157,,,,2024-12-10T17:44:48Z,2015,2015-01-01,2015-12-31
7503897,MALARIA_IMPORTED,COUNTRY,PAN,AMR,Americas,YEAR,2021,,,,,,,,,7,7,,,,2024-12-10T17:44:48Z,2021,2021-01-01,2021-12-31
5912159,MALARIA_IMPORTED,COUNTRY,MYT,AFR,Africa,YEAR,2020,,,,,,,,,22,22,,,,2024-12-10T17:44:48Z,2020,2020-01-01,2020-12-31
8595986,MALARIA_IMPORTED,COUNTRY,SLV,AMR,Americas,YEAR,2020,,,,,,,,,0,0,,,,2024-12-10T17:44:48Z,2020,2020-01-01,2020-12-31
6385595,MALARIA_IMPORTED,COUNTRY,SWZ,AFR,Africa,YEAR,2021,,,,,,,,,76,76,,,,2024-12-10T17:44:48Z,2021,2021-01-01,2021-12-31
38321,MALARIA_IMPORTED,COUNTRY,BWA,AFR,Africa,YEAR,2018,,,,,,,,,51,51,,,,2024-12-10T17:44:48Z,2018,2018-01-01,2018-12-31
3203263,MALARIA_IMPORTED,COUNTRY,IRN,EMR,Eastern Mediterranean,YEAR,2023,,,,,,,,,7456,7456,,,,2024-12-10T17:44:48Z,2023,2023-01-01,2023-12-31
8229346,MALARIA_IMPORTED,COUNTRY,SEN,AFR,Africa,YEAR,2020,,,,,,,,,0,0,,,,2024-12-10T17:44:48Z,2020,2020-01-01,2020-12-31
3103181,MALARIA_IMPORTED,COUNTRY,CPV,AFR,Africa,YEAR,2015,,,,,,,,,20,20,,,,2024-12-10T17:44:48Z,2015,2015-01-01,2015-12-31
4919383,MALARIA_IMPORTED,COUNTRY,PRY,AMR,Americas,YEAR,2022,,,,,,,,,3,3,,,,2024-12-10T17:44:48Z,2022,2022-01-01,2022-12-31
4017605,MALARIA_IMPORTED,COUNTRY,CPV,AFR,Africa,YEAR,2023,,,,,,,,,36,36,,,,2024-12-10T17:44:48Z,2023,2023-01-01,2023-12-31
7923348,MALARIA_IMPORTED,COUNTRY,CHN,WPR,Western Pacific,YEAR,2016,,,,,,,,,3149,3149,,,,2024-12-10T17:44:48Z,2016,2016-01-01,2016-12-31
1389620,MALARIA_IMPORTED,COUNTRY,SEN,AFR,Africa,YEAR,2019,,,,,,,,,45,45,,,,2024-12-10T17:44:48Z,2019,2019-01-01,2019-12-31
4806036,MALARIA_IMPORTED,GLOBAL,GLOBAL,,,YEAR,2019,,,,,,,,,44 609,44609,,,,2024-12-10T17:44:48Z,2019,2019-01-01,2019-12-31
5299154,MALARIA_IMPORTED,COUNTRY,COL,AMR,Americas,YEAR,2023,,,,,,,,,625,625,,,,2024-12-10T17:44:48Z,2023,2023-01-01,2023-12-31
775745,MALARIA_IMPORTED,COUNTRY,CHN,WPR,Western Pacific,YEAR,2022,,,,,,,,,819,819,,,,2024-12-10T17:44:48Z,2022,2022-01-01,2022-12-31
822484,MALARIA_IMPORTED,COUNTRY,SLV,AMR,Americas,YEAR,2023,,,,,,,,,7,7,,,,2024-12-10T17:44:48Z,2023,2023-01-01,2023-12-31
5925795,MALARIA_IMPORTED,COUNTRY,PRY,AMR,Americas,YEAR,2019,,,,,,,,,2,2,,,,2024-12-10T17:44:48Z,2019,2019-01-01,2019-12-31
909389,MALARIA_IMPORTED,COUNTRY,MMR,SEAR,South-East Asia,YEAR,2023,,,,,,,,,13,13,,,,2024-12-10T17:44:48Z,2023,2023-01-01,2023-12-31
1709753,MALARIA_IMPORTED,COUNTRY,MMR,SEAR,South-East Asia,YEAR,2022,,,,,,,,,5,5,,,,2024-12-10T17:44:48Z,2022,2022-01-01,2022-12-31
7257657,MALARIA_IMPORTED,REGION,SEAR,,,YEAR,2021,,,,,,,,,1231,1231,,,,2024-12-10T17:44:48Z,2021,2021-01-01,2021-12-31
909430,MALARIA_IMPORTED,COUNTRY,PHL,WPR,Western Pacific,YEAR,2022,,,,,,,,,34,34,,,,2024-12-10T17:44:48Z,2022,2022-01-01,2022-12-31
9300996,MALARIA_IMPORTED,COUNTRY,KHM,WPR,Western Pacific,YEAR,2023,,,,,,,,,2,2,,,,2024-12-10T17:44:48Z,2023,2023-01-01,2023-12-31
7703346,MALARIA_IMPORTED,COUNTRY,VNM,WPR,Western Pacific,YEAR,2023,,,,,,,,,75,75,,,,2024-12-10T17:44:48Z,2023,2023-01-01,2023-12-31
7916851,MALARIA_IMPORTED,COUNTRY,TJK,EUR,Europe,YEAR,2022,,,,,,,,,1,1,,,,2024-12-10T17:44:48Z,2022,2022-01-01,2022-12-31
7138060,MALARIA_IMPORTED,COUNTRY,NPL,SEAR,South-East Asia,YEAR,2015,,,,,,,,,521,521,,,,2024-12-10T17:44:48Z,2015,2015-01-01,2015-12-31
2269328,MALARIA_IMPORTED,COUNTRY,IDN,SEAR,South-East Asia,YEAR,2020,,,,,,,,,38,38,,,,2024-12-10T17:44:48Z,2020,2020-01-01,2020-12-31
3096683,MALARIA_IMPORTED,COUNTRY,CHN,WPR,Western Pacific,YEAR,2020,,,,,,,,,1050,1050,,,,2024-12-10T17:44:48Z,2020,2020-01-01,2020-12-31
396539,MALARIA_IMPORTED,COUNTRY,AGO,AFR,Africa,YEAR,2023,,,,,,,,,2,2,,,,2024-12-10T17:44:48Z,2023,2023-01-01,2023-12-31
3870802,MALARIA_IMPORTED,COUNTRY,TJK,EUR,Europe,YEAR,2020,,,,,,,,,0,0,,,,2024-12-10T17:44:48Z,2020,2020-01-01,2020-12-31
8542794,MALARIA_IMPORTED,COUNTRY,DOM,AMR,Americas,YEAR,2018,,,,,,,,,87,87,,,,2024-12-10T17:44:48Z,2018,2018-01-01,2018-12-31
2349224,MALARIA_IMPORTED,COUNTRY,PER,AMR,Americas,YEAR,2020,,,,,,,,,25,25,,,,2024-12-10T17:44:48Z,2020,2020-01-01,2020-12-31
7484652,MALARIA_IMPORTED,COUNTRY,GTM,AMR,Americas,YEAR,2023,,,,,,,,,7,7,,,,2024-12-10T17:44:48Z,2023,2023-01-01,2023-12-31
789324,MALARIA_IMPORTED,COUNTRY,GUY,AMR,Americas,YEAR,2023,,,,,,,,,243,243,,,,2024-12-10T17:44:48Z,2023,2023-01-01,2023-12-31
8629531,MALARIA_IMPORTED,COUNTRY,PAN,AMR,Americas,YEAR,2018,,,,,,,,,31,31,,,,2024-12-10T17:44:48Z,2018,2018-01-01,2018-12-31
889516,MALARIA_IMPORTED,COUNTRY,BGD,SEAR,South-East Asia,YEAR,2022,,,,,,,,,13,13,,,,2024-12-10T17:44:48Z,2022,2022-01-01,2022-12-31
9040845,MALARIA_IMPORTED,COUNTRY,ARM,EUR,Europe,YEAR,2017,,,,,,,,,2,2,,,,2024-12-10T17:44:48Z,2017,2017-01-01,2017-12-31
869543,MALARIA_IMPORTED,COUNTRY,GEO,EUR,Europe,YEAR,2016,,,,,,,,,7,7,,,,2024-12-10T17:44:48Z,2016,2016-01-01,2016-12-31
3217079,MALARIA_IMPORTED,COUNTRY,ZWE,AFR,Africa,YEAR,2023,,,,,,,,,2545,2545,,,,2024-12-10T17:44:48Z,2023,2023-01-01,2023-12-31
383279,MALARIA_IMPORTED,COUNTRY,ARM,EUR,Europe,YEAR,2016,,,,,,,,,2,2,,,,2024-12-10T17:44:48Z,2016,2016-01-01,2016-12-31
2356016,MALARIA_IMPORTED,COUNTRY,IDN,SEAR,South-East Asia,YEAR,2018,,,,,,,,,11,11,,,,2024-12-10T17:44:48Z,2018,2018-01-01,2018-12-31
3217092,MALARIA_IMPORTED,COUNTRY,MDG,AFR,Africa,YEAR,2021,,,,,,,,,203,203,,,,2024-12-10T17:44:48Z,2021,2021-01-01,2021-12-31
131704,MALARIA_IMPORTED,COUNTRY,TKM,EUR,Europe,YEAR,2019,,,,,,,,,3,3,,,,2024-12-10T17:44:48Z,2019,2019-01-01,2019-12-31
2016478,MALARIA_IMPORTED,COUNTRY,PAN,AMR,Americas,YEAR,2016,,,,,,,,,42,42,,,,2024-12-10T17:44:48Z,2016,2016-01-01,2016-12-31
5819353,MALARIA_IMPORTED,COUNTRY,COL,AMR,Americas,YEAR,2022,,,,,,,,,864,864,,,,2024-12-10T17:44:48Z,2022,2022-01-01,2022-12-31
1142806,MALARIA_IMPORTED,COUNTRY,GTM,AMR,Americas,YEAR,2018,,,,,,,,,3,3,,,,2024-12-10T17:44:48Z,2018,2018-01-01,2018-12-31
3877667,MALARIA_IMPORTED,COUNTRY,KOR,WPR,Western Pacific,YEAR,2018,,,,,,,,,75,75,,,,2024-12-10T17:44:48Z,2018,2018-01-01,2018-12-31
6985810,MALARIA_IMPORTED,COUNTRY,VNM,WPR,Western Pacific,YEAR,2022,,,,,,,,,43,43,,,,2024-12-10T17:44:48Z,2022,2022-01-01,2022-12-31
6292739,MALARIA_IMPORTED,COUNTRY,MYT,AFR,Africa,YEAR,2015,,,,,,,,,10,10,,,,2024-12-10T17:44:48Z,2015,2015-01-01,2015-12-31
5339675,MALARIA_IMPORTED,COUNTRY,TJK,EUR,Europe,YEAR,2023,,,,,,,,,9,9,,,,2024-12-10T17:44:48Z,2023,2023-01-01,2023-12-31
849663,MALARIA_IMPORTED,COUNTRY,BTN,SEAR,South-East Asia,YEAR,2016,,,,,,,,,56,56,,,,2024-12-10T17:44:48Z,2016,2016-01-01,2016-12-31
1089486,MALARIA_IMPORTED,COUNTRY,MYS,WPR,Western Pacific,YEAR,2016,,,,,,,,,428,428,,,,2024-12-10T17:44:48Z,2016,2016-01-01,2016-12-31
78818,MALARIA_IMPORTED,COUNTRY,THA,SEAR,South-East Asia,YEAR,2016,,,,,,,,,5724,5724,,,,2024-12-10T17:44:48Z,2016,2016-01-01,2016-12-31
9481472,MALARIA_IMPORTED,COUNTRY,PER,AMR,Americas,YEAR,2016,,,,,,,,,48,48,,,,2024-12-10T17:44:48Z,2016,2016-01-01,2016-12-31
7224679,MALARIA_IMPORTED,COUNTRY,VUT,WPR,Western Pacific,YEAR,2018,,,,,,,,,12,12,,,,2024-12-10T17:44:48Z,2018,2018-01-01,2018-12-31
996405,MALARIA_IMPORTED,COUNTRY,GUY,AMR,Americas,YEAR,2019,,,,,,,,,184,184,,,,2024-12-10T17:44:48Z,2019,2019-01-01,2019-12-31
6432856,MALARIA_IMPORTED,COUNTRY,MYS,WPR,Western Pacific,YEAR,2021,,,,,,,,,111,111,,,,2024-12-10T17:44:48Z,2021,2021-01-01,2021-12-31
284763,MALARIA_IMPORTED,COUNTRY,PRY,AMR,Americas,YEAR,2023,,,,,,,,,0,0,,,,2024-12-10T17:44:48Z,2023,2023-01-01,2023-12-31
6666160,MALARIA_IMPORTED,COUNTRY,PRY,AMR,Americas,YEAR,2021,,,,,,,,,4,4,,,,2024-12-10T17:44:48Z,2021,2021-01-01,2021-12-31
5339769,MALARIA_IMPORTED,COUNTRY,BWA,AFR,Africa,YEAR,2015,,,,,,,,,48,48,,,,2024-12-10T17:44:48Z,2015,2015-01-01,2015-12-31
6866270,MALARIA_IMPORTED,COUNTRY,DZA,AFR,Africa,YEAR,2016,,,,,,,,,420,420,,,,2024-12-10T17:44:48Z,2016,2016-01-01,2016-12-31
5499173,MALARIA_IMPORTED,COUNTRY,ZWE,AFR,Africa,YEAR,2018,,,,,,,,,672,672,,,,2024-12-10T17:44:48Z,2018,2018-01-01,2018-12-31
4306897,MALARIA_IMPORTED,COUNTRY,LAO,WPR,Western Pacific,YEAR,2023,,,,,,,,,4,4,,,,2024-12-10T17:44:48Z,2023,2023-01-01,2023-12-31
363457,MALARIA_IMPORTED,COUNTRY,IRN,EMR,Eastern Mediterranean,YEAR,2021,,,,,,,,,821,821,,,,2024-12-10T17:44:48Z,2021,2021-01-01,2021-12-31
8941472,MALARIA_IMPORTED,COUNTRY,DZA,AFR,Africa,YEAR,2018,,,,,,,,,1241,1241,,,,2024-12-10T17:44:48Z,2018,2018-01-01,2018-12-31
8017078,MALARIA_IMPORTED,COUNTRY,UZB,EUR,Europe,YEAR,2018,,,,,,,,,0,0,,,,2024-12-10T17:44:48Z,2018,2018-01-01,2018-12-31
8236616,MALARIA_IMPORTED,COUNTRY,HND,AMR,Americas,YEAR,2021,,,,,,,,,105,105,,,,2024-12-10T17:44:48Z,2021,2021-01-01,2021-12-31
8928082,MALARIA_IMPORTED,COUNTRY,GTM,AMR,Americas,YEAR,2020,,,,,,,,,0,0,,,,2024-12-10T17:44:48Z,2020,2020-01-01,2020-12-31
5705977,MALARIA_IMPORTED,GLOBAL,GLOBAL,,,YEAR,2017,,,,,,,,,42 152,42152,,,,2024-12-10T17:44:48Z,2017,2017-01-01,2017-12-31
1796998,MALARIA_IMPORTED,COUNTRY,TUR,EUR,Europe,YEAR,2020,,,,,,,,,133,133,,,,2024-12-10T17:44:48Z,2020,2020-01-01,2020-12-31
7125216,MALARIA_IMPORTED,COUNTRY,CHN,WPR,Western Pacific,YEAR,2017,,,,,,,,,2663,2663,,,,2024-12-10T17:44:48Z,2017,2017-01-01,2017-12-31
7617260,MALARIA_IMPORTED,COUNTRY,PRY,AMR,Americas,YEAR,2017,,,,,,,,,5,5,,,,2024-12-10T17:44:48Z,2017,2017-01-01,2017-12-31
1450068,MALARIA_IMPORTED,COUNTRY,VUT,WPR,Western Pacific,YEAR,2019,,,,,,,,,9,9,,,,2024-12-10T17:44:48Z,2019,2019-01-01,2019-12-31
8570034,MALARIA_IMPORTED,COUNTRY,PAN,AMR,Americas,YEAR,2017,,,,,,,,,40,40,,,,2024-12-10T17:44:48Z,2017,2017-01-01,2017-12-31
9401915,MALARIA_IMPORTED,COUNTRY,LKA,SEAR,South-East Asia,YEAR,2019,,,,,,,,,53,53,,,,2024-12-10T17:44:48Z,2019,2019-01-01,2019-12-31
4593226,MALARIA_IMPORTED,REGION,SEAR,,,YEAR,2018,,,,,,,,,2298,2298,,,,2024-12-10T17:44:48Z,2018,2018-01-01,2018-12-31
4666744,MALARIA_IMPORTED,COUNTRY,GEO,EUR,Europe,YEAR,2018,,,,,,,,,9,9,,,,2024-12-10T17:44:48Z,2018,2018-01-01,2018-12-31
3490778,MALARIA_IMPORTED,COUNTRY,BGD,SEAR,South-East Asia,YEAR,2016,,,,,,,,,109,109,,,,2024-12-10T17:44:48Z,2016,2016-01-01,2016-12-31
7045449,MALARIA_IMPORTED,COUNTRY,SUR,AMR,Americas,YEAR,2019,,,,,,,,,111,111,,,,2024-12-10T17:44:48Z,2019,2019-01-01,2019-12-31
5113601,MALARIA_IMPORTED,REGION,WPR,,,YEAR,2018,,,,,,,,,4846,4846,,,,2024-12-10T17:44:48Z,2018,2018-01-01,2018-12-31
9074736,MALARIA_IMPORTED,COUNTRY,MYS,WPR,Western Pacific,YEAR,2017,,,,,,,,,423,423,,,,2024-12-10T17:44:48Z,2017,2017-01-01,2017-12-31
1917225,MALARIA_IMPORTED,COUNTRY,SUR,AMR,Americas,YEAR,2023,,,,,,,,,102,102,,,,2024-12-10T17:44:48Z,2023,2023-01-01,2023-12-31
8450106,MALARIA_IMPORTED,COUNTRY,LKA,SEAR,South-East Asia,YEAR,2022,,,,,,,,,37,37,,,,2024-12-10T17:44:48Z,2022,2022-01-01,2022-12-31
5532785,MALARIA_IMPORTED,COUNTRY,MMR,SEAR,South-East Asia,YEAR,2020,,,,,,,,,9,9,,,,2024-12-10T17:44:48Z,2020,2020-01-01,2020-12-31
8043660,MALARIA_IMPORTED,COUNTRY,SUR,AMR,Americas,YEAR,2020,,,,,,,,,88,88,,,,2024-12-10T17:44:48Z,2020,2020-01-01,2020-12-31
